Projects, Parent, Alias: Default, Valid For Consolidations, Data Storage, Two Pass Calculation, Description, Formula, Formula Description, UDA, Smart List, Data Type, Hierarchy Type, Enable for Dynamic Children, Number of Possible Dynamic Children, Access Granted to Member Creator, Allow Upper Level Entity Input, Process Management Enabled, UUID, Plan Type (Project), Aggregation (Project), Data Storage (Project), Formula (Project), Formula Description (Project), Plan Type (Plus), Aggregation (Plus), Data Storage (Plus), Formula (Plus), Solve Order (Plus), Formula Description (Plus), A_Customer, A_ProjectType, A_StartYear, A_StartMonth, A_IsClosed, A_Entity, A_BU, Operation
NoProject,Projects,不分项目,false,never share,false,,<none>,<none>,,,unspecified,none,,,,false,true,b90cb45d-08e4-4c82-b572-4b53a07d1ba2,true,+,never share,<none>,,true,+,never share,<none>,0,,,,,,,,,
AllProject,Projects,所有项目,false,never share,false,,<none>,<none>,,,unspecified,none,,,,false,true,0e599231-19b9-4d57-a77e-18132cf6b89d,true,+,never share,<none>,,true,+,never share,<none>,0,,,,,,,,,
MSMWHSP1807138200,AllProject,2018箭牌P7沃尔玛弹立方促销活动-东区,false,never share,false,,<none>,<none>,,,unspecified,none,,,,false,true,35a8924f-0c14-47f2-ac44-2cf9d1382ec4,true,+,never share,<none>,,true,+,never share,<none>,0,,,,,,,,,
MSMJHRS1808162100,AllProject,美赞臣北区8-9月PS路演项目,false,never share,false,,<none>,<none>,,,unspecified,none,,,,false,true,072b3391-caca-483d-84fe-d58c951e4375,true,+,never share,<none>,,true,+,never share,<none>,0,,,,,,,,,
HVJJHOT1807150100,AllProject,6月-强生经销商服务管理项目,false,never share,false,,<none>,<none>,,,unspecified,none,,,,false,true,3b84514e-d387-4180-a2b5-57bfad27df71,true,+,never share,<none>,,true,+,never share,<none>,0,,,,,,,,,
MSMWHSP1808152800,AllProject,2018箭牌P8沃尔玛星爆客户定制活动-东区,false,never share,false,,<none>,<none>,,,unspecified,none,,,,false,true,16cbe44d-fed8-48b4-b87b-9d2be9113759,true,+,never share,<none>,,true,+,never share,<none>,0,,,,,,,,,
MSMWHSP1807138400,AllProject,2018箭牌P8弹立方全国主题促销活动-东区,false,never share,false,,<none>,<none>,,,unspecified,none,,,,false,true,9f362786-7592-4277-bea6-8535a3c7f056,true,+,never share,<none>,,true,+,never share,<none>,0,,,,,,,,,
MSMWHSP1806097000,AllProject,2018年箭牌P6弹立方全国主题活动-东区,false,never share,false,,<none>,<none>,,,unspecified,none,,,,false,true,b5a56833-625c-4fb8-adbb-aa0f8b3c48f0,true,+,never share,<none>,,true,+,never share,<none>,0,,,,,,,,,
MSMWHSP1807138300,AllProject,2018箭牌P8永辉星爆上市客户定制活动-东区,false,never share,false,,<none>,<none>,,,unspecified,none,,,,false,true,c760a418-1d5b-431f-8ab8-d48d7cd59aa5,true,+,never share,<none>,,true,+,never share,<none>,0,,,,,,,,,
MSMWHSP1808152300,AllProject,2018箭牌P8沃尔玛益达脆皮魔立方客户定制活动-东区,false,never share,false,,<none>,<none>,,,unspecified,none,,,,false,true,67663c80-1274-4b7a-b8d2-0d07be2034f8,true,+,never share,<none>,,true,+,never share,<none>,0,,,,,,,,,
WISBHMV1807149000,AllProject,Y18 Speedo神秘访客-7月,false,never share,false,,<none>,<none>,,,unspecified,none,,,,false,true,79564846-3128-437e-b1ea-89387c85a865,true,+,never share,<none>,,true,+,never share,<none>,0,,,,,,,,,
MSPGHSP1808159000,AllProject,FY1819 JAS PNT Mini Event,false,never share,false,,<none>,<none>,,,unspecified,none,,,,false,true,11097413-9783-41f3-af42-37491f807472,true,+,never share,<none>,,true,+,never share,<none>,0,,,,,,,,,
MSHJHSP1807158400,AllProject,2018年亨氏M7PG长促项目 - 非人力,false,never share,false,,<none>,<none>,,,unspecified,none,,,,false,true,e8bdc1d7-22a7-4d61-a08e-86f6a36d7a79,true,+,never share,<none>,,true,+,never share,<none>,0,,,,,,,,,
MSPGHSP1807160000,AllProject,FY1819 JAS HC KCP ISP Mini Event,false,never share,false,,<none>,<none>,,,unspecified,none,,,,false,true,da0d5415-7ec8-428c-95e7-aaed98fea660,true,+,never share,<none>,,true,+,never share,<none>,0,,,,,,,,,
MSMWHSP1807158500,AllProject,Y18玛氏淡季P7后新增NKA新开店活动-东区,false,never share,false,,<none>,<none>,,,unspecified,none,,,,false,true,0bd0c9a4-ddc7-4ed7-bbcf-480b99501e98,true,+,never share,<none>,,true,+,never share,<none>,0,,,,,,,,,
WILPHSP1808160400,AllProject,Y18欧莱雅8月SID活动-洗护,false,never share,false,,<none>,<none>,,,unspecified,none,,,,false,true,57d868a2-b601-4563-84d4-7d2080db449e,true,+,never share,<none>,,true,+,never share,<none>,0,,,,,,,,,
MSPGHRS1807160300,AllProject,FY1819-JAS-REJ-JD 解忧乐园 Mega Event,false,never share,false,,<none>,<none>,,,unspecified,none,,,,false,true,d9a3dc58-7751-492a-863f-a9c5cacae6f3,true,+,never share,<none>,,true,+,never share,<none>,0,,,,,,,,,
MSPGHRS1809158000,AllProject,FY1819 JAS 海飞丝 BE event,false,never share,false,,<none>,<none>,,,unspecified,none,,,,false,true,74f66657-a4b3-4a67-9152-230174ee32df,true,+,never share,<none>,,true,+,never share,<none>,0,,,,,,,,,
MHBRHCA1806150000,AllProject,红牛周末短促项目代垫,false,never share,false,,<none>,<none>,,,unspecified,none,,,,false,true,7eff4b0e-8e73-44db-8185-8151ca0c94f2,true,+,never share,<none>,,true,+,never share,<none>,0,,,,,,,,,
PLJDSOT1806158200,AllProject,佳定税务师事务所网站改版升级,false,never share,false,,<none>,<none>,,,unspecified,none,,,,false,true,a2f4f76b-4660-4d54-9f0f-9baf0d813c04,true,+,never share,<none>,,true,+,never share,<none>,0,,,,,,,,,
MSMHHSP1808160600,AllProject,spicy chandon wave  III 8-10 月,false,never share,false,,<none>,<none>,,,unspecified,none,,,,false,true,6be80bc4-b5e8-48ae-9bfa-9eac8b95ef6c,true,+,never share,<none>,,true,+,never share,<none>,0,,,,,,,,,
WIUNLSE1806153200,AllProject,Y18 联合利华清扬世界杯区域延展活动,false,never share,false,,<none>,<none>,,,unspecified,none,,,,false,true,2c55d750-3dff-4f19-83b7-75247c6ffe6d,true,+,never share,<none>,,true,+,never share,<none>,0,,,,,,,,,
MHBRHSP1806160200,AllProject,2018年红牛6月短促,false,never share,false,,<none>,<none>,,,unspecified,none,,,,false,true,078e1f36-da16-402f-9fa2-c15cc671a99b,true,+,never share,<none>,,true,+,never share,<none>,0,,,,,,,,,
HVHEHSP1806153300,AllProject,Y18好时旺季导购（6月）-短促,false,never share,false,,<none>,<none>,,,unspecified,none,,,,false,true,fe7589ed-1369-4557-a7a7-bfc5c386e3b9,true,+,never share,<none>,,true,+,never share,<none>,0,,,,,,,,,
MSPGHSP1808160100,AllProject,1819 JAS Gill Gaming mini event,false,never share,false,,<none>,<none>,,,unspecified,none,,,,false,true,99be84e3-d3ac-44b6-973d-a4ee2172b67f,true,+,never share,<none>,,true,+,never share,<none>,0,,,,,,,,,
MSMJHRS1808160900,AllProject,美赞臣南区8-9月PS路演项目,false,never share,false,,<none>,<none>,,,unspecified,none,,,,false,true,3c4bd64a-a4ea-4805-9260-1c2898536ee8,true,+,never share,<none>,,true,+,never share,<none>,0,,,,,,,,,
MSCYHSP1807161200,AllProject,2018P9星爆全国主题活动+RT&欧尚Heavy up活动-南区,false,never share,false,,<none>,<none>,,,unspecified,none,,,,false,true,16611e3d-6d3f-4ca9-bc74-849d75d91304,true,+,never share,<none>,,true,+,never share,<none>,0,,,,,,,,,
MSMWHSP1807161300,AllProject,箭牌理货员东区项目2018年7月-短促,false,never share,false,,<none>,<none>,,,unspecified,none,,,,false,true,f7bcc15e-0139-4773-9791-5ceab46d48af,true,+,never share,<none>,,true,+,never share,<none>,0,,,,,,,,,
MSMRHSP1807161500,AllProject,Y18玛氏淡季7月Mer&Checker短促项目,false,never share,false,,<none>,<none>,,,unspecified,none,,,,false,true,e672f933-91da-460d-bc9b-a61b353065ea,true,+,never share,<none>,,true,+,never share,<none>,0,,,,,,,,,
MSMRHSP1807161400,AllProject,Y18玛氏淡季7月短促-东区,false,never share,false,,<none>,<none>,,,unspecified,none,,,,false,true,f6cb27bd-80e5-4ad3-8daa-7cc3ed8e8bb0,true,+,never share,<none>,,true,+,never share,<none>,0,,,,,,,,,
PLBDHPR1807161100,AllProject,百度本地广告哈尔滨季度会议,false,never share,false,,<none>,<none>,,,unspecified,none,,,,false,true,796447e5-be48-4a55-b9f5-acde0637dde8,true,+,never share,<none>,,true,+,never share,<none>,0,,,,,,,,,
PLBDHCA1807161000,AllProject,百度本地广告广州7月25日会议,false,never share,false,,<none>,<none>,,,unspecified,none,,,,false,true,1571ef19-0f9f-43f4-9c75-eb068306cb71,true,+,never share,<none>,,true,+,never share,<none>,0,,,,,,,,,
HVHEHSP1807153400,AllProject,Y18好时淡季长促7月-短促,false,never share,false,,<none>,<none>,,,unspecified,none,,,,false,true,c5b39361-f817-48ab-ac09-60a128ed7758,true,+,never share,<none>,,true,+,never share,<none>,0,,,,,,,,,
MSMHHSP1808160500,AllProject,MHD 2018年MAF店内促销活动,false,never share,false,,<none>,<none>,,,unspecified,none,,,,false,true,42c48b12-9922-4afc-a652-7837fd2aca0b,true,+,never share,<none>,,true,+,never share,<none>,0,,,,,,,,,
MSCCHCA1807151400,AllProject,纯悦开发区足球赛派发活动,false,never share,false,,<none>,<none>,,,unspecified,none,,,,false,true,ddd7cc7e-b39e-4c34-8b30-c742add7fff5,true,+,never share,<none>,,true,+,never share,<none>,0,,,,,,,,,
MSCCHRS1807152500,AllProject,中可勘察加新品推广活动,false,never share,false,,<none>,<none>,,,unspecified,none,,,,false,true,b2172042-08ee-4648-b710-6fe8e53650df,true,+,never share,<none>,,true,+,never share,<none>,0,,,,,,,,,
WIPEHCA1806136000,AllProject,2018年百事南区Q3 Temp MD理货员活动,false,never share,false,,<none>,<none>,,,unspecified,none,,,,false,true,9d2af2bd-2c06-4594-846d-80271f2b7824,true,+,never share,<none>,,true,+,never share,<none>,0,,,,,,,,,
MSMWHSP1808153600,AllProject,2018 P8 沃尔玛星爆活动-南区,false,never share,false,,<none>,<none>,,,unspecified,none,,,,false,true,08bdde42-2994-4174-8c7d-39aea4e31451,true,+,never share,<none>,,true,+,never share,<none>,0,,,,,,,,,
MSPGHSP1807156000,AllProject,FY1819 REJ JAS Mini event,false,never share,false,,<none>,<none>,,,unspecified,none,,,,false,true,c7cee856-8666-4f22-b6ea-5f35b4fa0618,true,+,never share,<none>,,true,+,never share,<none>,0,,,,,,,,,
MSPGHSP1808156100,AllProject,FY1819 VS JAS Mini event,false,never share,false,,<none>,<none>,,,unspecified,none,,,,false,true,2ac096f5-856b-4c0c-a6c5-65229000597b,true,+,never share,<none>,,true,+,never share,<none>,0,,,,,,,,,
MSHJHSP1806158300,AllProject,2018年亨氏M6PG长促项目 - 非人力,false,never share,false,,<none>,<none>,,,unspecified,none,,,,false,true,6e9be2ad-e0bd-433c-a7c5-e6c3ed5e237d,true,+,never share,<none>,,true,+,never share,<none>,0,,,,,,,,,
MSMHHSP1807158900,AllProject,2018年MHD 7月短促工资发放,false,never share,false,,<none>,<none>,,,unspecified,none,,,,false,true,7ddb3fe3-006a-4f10-8df4-8012dc98040d,true,+,never share,<none>,,true,+,never share,<none>,0,,,,,,,,,
MSMWHSP1808158700,AllProject,Y18玛氏淡季P9 Dove Yogurt & TD活动-东区,false,never share,false,,<none>,<none>,,,unspecified,none,,,,false,true,cec64141-756a-49b9-8df0-3a95390bbab7,true,+,never share,<none>,,true,+,never share,<none>,0,,,,,,,,,
MSMWHSP1808158800,AllProject,Y18玛氏淡季P8 CVD heavy up活动-东区,false,never share,false,,<none>,<none>,,,unspecified,none,,,,false,true,337ae5f8-2fe6-4f3a-a597-0125d513092b,true,+,never share,<none>,,true,+,never share,<none>,0,,,,,,,,,
HVHEHCA1807156200,AllProject,Y18好时Q3卖进费,false,never share,false,,<none>,<none>,,,unspecified,none,,,,false,true,59cd0b39-1794-478c-8cd5-0af2c603bde0,true,+,never share,<none>,,true,+,never share,<none>,0,,,,,,,,,
WIQHHSP1807151300,AllProject,Y18侨好店内试吃活动8月,false,never share,false,,<none>,<none>,,,unspecified,none,,,,false,true,5dbaaf24-db2b-46fa-9500-70bf29a80444,true,+,never share,<none>,,true,+,never share,<none>,0,,,,,,,,,
WILPHSP1807138600,AllProject,Y18欧莱雅7月SID活动-男士,false,never share,false,,<none>,<none>,,,unspecified,none,,,,false,true,39205f69-63e5-47e5-b242-a63cbee78401,true,+,never share,<none>,,true,+,never share,<none>,0,,,,,,,,,
MSMWHSP1807152900,AllProject,Y18玛氏淡季P8 华润系统小清新活动-东区,false,never share,false,,<none>,<none>,,,unspecified,none,,,,false,true,918f6978-1c1f-4e25-9de0-73d63000c6b5,true,+,never share,<none>,,true,+,never share,<none>,0,,,,,,,,,
MSMWHSP1807153100,AllProject,Y18玛氏淡季P8WM购物节MM路演活动-东区,false,never share,false,,<none>,<none>,,,unspecified,none,,,,false,true,4af01677-e1a1-4fe5-ae63-e5fdccbcfcab,true,+,never share,<none>,,true,+,never share,<none>,0,,,,,,,,,
MSMWHSP1808153000,AllProject,Y18玛氏淡季CVD活动-东区,false,never share,false,,<none>,<none>,,,unspecified,none,,,,false,true,0b57e8bc-b054-482e-bb2a-c0cb9da91328,true,+,never share,<none>,,true,+,never share,<none>,0,,,,,,,,,
WILPHSP1807138700,AllProject,Y18欧莱雅7月屈臣氏活动-洗护,false,never share,false,,<none>,<none>,,,unspecified,none,,,,false,true,4b1ac705-8ad7-4f5b-a9f1-6ca777ab2463,true,+,never share,<none>,,true,+,never share,<none>,0,,,,,,,,,
WILPHSP1807138500,AllProject,Y18欧莱雅7月SID活动-洗护,false,never share,false,,<none>,<none>,,,unspecified,none,,,,false,true,1ddd21a9-b17c-405c-9dcc-f246142e8402,true,+,never share,<none>,,true,+,never share,<none>,0,,,,,,,,,
WIKBCSP1806142500,AllProject,金佰利2018年7月短促管理项目,false,never share,false,,<none>,<none>,,,unspecified,none,,,,false,true,deca178c-2c9c-4669-afd6-b8729250bde3,true,+,never share,<none>,,true,+,never share,<none>,0,,,,,,,,,
WIKBCOT1807143000,AllProject,金佰利2018年7-9月湖南共享PG管理,false,never share,false,,<none>,<none>,,,unspecified,none,,,,false,true,fcb28ccd-8e90-4683-915a-1cf865a90ca6,true,+,never share,<none>,,true,+,never share,<none>,0,,,,,,,,,
WIPEHSP1806141000,AllProject,2018年7月百事南区桂格免品试吃活动,false,never share,false,,<none>,<none>,,,unspecified,none,,,,false,true,ebae9e08-e282-42bf-9ca7-e5ca27888f4a,true,+,never share,<none>,,true,+,never share,<none>,0,,,,,,,,,
WIPEHSP1807144200,AllProject,2018年7-8月百事南区乐事免品试吃活动,false,never share,false,,<none>,<none>,,,unspecified,none,,,,false,true,fd3fe013-9598-46b8-8bd6-7466123368b1,true,+,never share,<none>,,true,+,never share,<none>,0,,,,,,,,,
WIKBCOT1807142600,AllProject,金佰利2018年7-9月珠海共享PG管理,false,never share,false,,<none>,<none>,,,unspecified,none,,,,false,true,ff4e163d-79f0-4577-936d-0b5a3ac10e44,true,+,never share,<none>,,true,+,never share,<none>,0,,,,,,,,,
MSMWHSP1806142700,AllProject,Y18玛氏淡季P7Football NKA路演活动-东区,false,never share,false,,<none>,<none>,,,unspecified,none,,,,false,true,e894a868-062f-4624-a6ff-726a1b29b233,true,+,never share,<none>,,true,+,never share,<none>,0,,,,,,,,,
MSMWHSP1806138100,AllProject,Y18玛氏淡季P7FootballNKA路演活动-南区,false,never share,false,,<none>,<none>,,,unspecified,none,,,,false,true,1cfffd5c-49ce-492a-923c-3192d5f1d888,true,+,never share,<none>,,true,+,never share,<none>,0,,,,,,,,,
MSMWHSP1808149500,AllProject,Y18玛氏淡季P8中国情人节CVD七夕促销活动-南区,false,never share,false,,<none>,<none>,,,unspecified,none,,,,false,true,29e8152a-3d20-45a2-b37e-bbe0fa6de771,true,+,never share,<none>,,true,+,never share,<none>,0,,,,,,,,,
MSMWHSP1807149600,AllProject,Y18玛氏淡季P8华润德芙小清新新品五星上市-南区,false,never share,false,,<none>,<none>,,,unspecified,none,,,,false,true,34da7c89-c531-4768-812e-6dbd39b39c29,true,+,never share,<none>,,true,+,never share,<none>,0,,,,,,,,,
MSMWHSP1807149700,AllProject,Y18玛氏淡季P8WM88购物节活动-南区,false,never share,false,,<none>,<none>,,,unspecified,none,,,,false,true,5769578f-d6bd-45c9-8e21-9ba739eb09a9,true,+,never share,<none>,,true,+,never share,<none>,0,,,,,,,,,
MSPGHSP1807148800,AllProject,SMKT JAS CRVTesco 世界杯 Suguo ISP,false,never share,false,,<none>,<none>,,,unspecified,none,,,,false,true,c98d1626-bc38-47a0-a640-5077862b056a,true,+,never share,<none>,,true,+,never share,<none>,0,,,,,,,,,
MSPGHSP1807146000,AllProject,SMKT JAS YONGHUI 永辉内购会ISP,false,never share,false,,<none>,<none>,,,unspecified,none,,,,false,true,d2a22abd-0dd3-4da0-8030-7bfcef4ff9b1,true,+,never share,<none>,,true,+,never share,<none>,0,,,,,,,,,
MSPGHSP1807145900,AllProject,SMKT JAS Metro 苏州麦德龙吴中店ISP,false,never share,false,,<none>,<none>,,,unspecified,none,,,,false,true,06e67bcf-a9c7-451b-8932-4e3f40fa76c8,true,+,never share,<none>,,true,+,never share,<none>,0,,,,,,,,,
MSPGHSP1807145800,AllProject,SMKT JAS Metro 上海市麦德龙真北店ISP,false,never share,false,,<none>,<none>,,,unspecified,none,,,,false,true,c3321d23-4dc9-4ae6-ab96-ba417aefa094,true,+,never share,<none>,,true,+,never share,<none>,0,,,,,,,,,
MSPGHSP1807145700,AllProject,SMKT JAS East Region RR World Cup Campaign ISP,false,never share,false,,<none>,<none>,,,unspecified,none,,,,false,true,a840f93a-24d1-4341-b23b-5d3159839132,true,+,never share,<none>,,true,+,never share,<none>,0,,,,,,,,,
MSPGHSP1807145600,AllProject,SMKT JAS CF CRF 周年庆 ISP,false,never share,false,,<none>,<none>,,,unspecified,none,,,,false,true,bdb864a9-8a2a-4c04-9b67-cb994e580a2d,true,+,never share,<none>,,true,+,never share,<none>,0,,,,,,,,,
WIYMHSS1806151206,AllProject,Y18翡丽6月长促理货员短促_6,false,never share,false,,<none>,<none>,,,unspecified,none,,,,false,true,0eab1588-2e94-447b-b0f8-a573fe6ed7b0,true,+,never share,<none>,,true,+,never share,<none>,0,,,,,,,,,
WIYMHSP1806151700,AllProject,Y18翡丽6月临促活动,false,never share,false,,<none>,<none>,,,unspecified,none,,,,false,true,59bd2925-e5a5-4a31-b6b4-0370be91ff6b,true,+,never share,<none>,,true,+,never share,<none>,0,,,,,,,,,
PLBWHRS1806138800,AllProject,Y18上海KA哈啤小篷车路演活动,false,never share,false,,<none>,<none>,,,unspecified,none,,,,false,true,3c7c5c4d-a6d5-40c0-81ce-b83dda8466c9,true,+,never share,<none>,,true,+,never share,<none>,0,,,,,,,,,
PLBWHCA1805148700,AllProject,Y18百威乐山促销员薪资代垫,false,never share,false,,<none>,<none>,,,unspecified,none,,,,false,true,5e7e1af7-d158-4368-8401-bf4868177cf4,true,+,never share,<none>,,true,+,never share,<none>,0,,,,,,,,,
PLBWHSP1806134100,AllProject,Y18百威精酿啤酒上海城超短促活动,false,never share,false,,<none>,<none>,,,unspecified,none,,,,false,true,b24b0347-97d3-47b7-af30-2cd826d68426,true,+,never share,<none>,,true,+,never share,<none>,0,,,,,,,,,
PLBWHSP1807135500,AllProject,Y18南京大润发瑞金店店内路演活动,false,never share,false,,<none>,<none>,,,unspecified,none,,,,false,true,928e7c87-a112-423a-8b3e-6d19af18f94b,true,+,never share,<none>,,true,+,never share,<none>,0,,,,,,,,,
PLBWHSP1807138900,AllProject,Y18百威Q3啤酒屋项目,false,never share,false,,<none>,<none>,,,unspecified,none,,,,false,true,02e11e59-0e08-4a61-887f-24247a6b4a86,true,+,never share,<none>,,true,+,never share,<none>,0,,,,,,,,,
MSMJHRS1807145000,AllProject,美赞臣北区7月PS路演项目,false,never share,false,,<none>,<none>,,,unspecified,none,,,,false,true,f0903719-ef91-43aa-80a9-192a0102bab1,true,+,never share,<none>,,true,+,never share,<none>,0,,,,,,,,,
MSMJHRS1807142000,AllProject,美赞臣南区7月PS路演项目,false,never share,false,,<none>,<none>,,,unspecified,none,,,,false,true,60fbc4ce-6f92-4e3b-a38d-6dc71d3380b7,true,+,never share,<none>,,true,+,never share,<none>,0,,,,,,,,,
MSMHHSP1806139000,AllProject,2018年MHD 6月短促工资发放,false,never share,false,,<none>,<none>,,,unspecified,none,,,,false,true,ef163ddd-3764-46d1-9c79-8ececea78678,true,+,never share,<none>,,true,+,never share,<none>,0,,,,,,,,,
WIPPHCA1806149200,AllProject,Y18 不凡帝西区曼妥思促销员代垫工资-6月,false,never share,false,,<none>,<none>,,,unspecified,none,,,,false,true,f3e03f0e-bb22-490a-b256-90f5e724e76f,true,+,never share,<none>,,true,+,never share,<none>,0,,,,,,,,,
WIUNLSP1807139300,AllProject,Y18 联合利华屈臣氏炫诗店内促销活动-7月,false,never share,false,,<none>,<none>,,,unspecified,none,,,,false,true,eeecbb58-32af-486b-8152-e77dc4e73583,true,+,never share,<none>,,true,+,never share,<none>,0,,,,,,,,,
WIUNLSP1806139200,AllProject,Y18联合利华7月超人总动员活动,false,never share,false,,<none>,<none>,,,unspecified,none,,,,false,true,2d8b7f57-3235-416a-a6db-b346b3ac53c8,true,+,never share,<none>,,true,+,never share,<none>,0,,,,,,,,,
WIUNLSP1806134000,AllProject,Y18 6月联合利华新清扬雪花套组活动,false,never share,false,,<none>,<none>,,,unspecified,none,,,,false,true,a4556825-df0c-4156-9c28-6269c4c8fb03,true,+,never share,<none>,,true,+,never share,<none>,0,,,,,,,,,
WIUNLSP1807134200,AllProject,Y18 7月LUX MEGA冰雪奇缘WSP活动,false,never share,false,,<none>,<none>,,,unspecified,none,,,,false,true,8232d6a3-3b2a-4f8d-8b00-081cb0e8d23e,true,+,never share,<none>,,true,+,never share,<none>,0,,,,,,,,,
WIPEHSP1806139900,AllProject,百事北区2018年7月桂格活动,false,never share,false,,<none>,<none>,,,unspecified,none,,,,false,true,59cd0a69-dbc3-48f4-9a5d-f9ba483ce2ae,true,+,never share,<none>,,true,+,never share,<none>,0,,,,,,,,,
MSMJHSM1806129500,AllProject,美赞臣兼职NC项目,false,never share,false,,<none>,<none>,,,unspecified,none,,,,false,true,6efc04f4-1a74-40e4-a979-d9dcbbb3d71d,true,+,never share,<none>,,true,+,never share,<none>,0,,,,,,,,,
WIGSKOT1807139400,AllProject,Y18 GSK 共享促销员-7月,false,never share,false,,<none>,<none>,,,unspecified,none,,,,false,true,87792e22-7c6f-448f-ac8a-3f7fc9548499,true,+,never share,<none>,,true,+,never share,<none>,0,,,,,,,,,
PLBDHMM1805129100,AllProject,Y百度本地广告三折页制作,false,never share,false,,<none>,<none>,,,unspecified,none,,,,false,true,ee980b29-2d51-41b5-888c-11f169ea2c41,true,+,never share,<none>,,true,+,never share,<none>,0,,,,,,,,,
PLBDHCA1805129200,AllProject,百度天猫广告拍摄项目,false,never share,false,,<none>,<none>,,,unspecified,none,,,,false,true,a329da30-8957-44c5-a95a-5763d5f3715a,true,+,never share,<none>,,true,+,never share,<none>,0,,,,,,,,,
PLBDHPR1806129300,AllProject,百度本地广告北京615会销,false,never share,false,,<none>,<none>,,,unspecified,none,,,,false,true,e6188c7d-2052-4bd5-9c40-507851ddb26b,true,+,never share,<none>,,true,+,never share,<none>,0,,,,,,,,,
PLBDHPR1806130200,AllProject,百度本地广告广州607会销,false,never share,false,,<none>,<none>,,,unspecified,none,,,,false,true,23d64632-02d4-4dac-9c3c-93ac56988b87,true,+,never share,<none>,,true,+,never share,<none>,0,,,,,,,,,
PLBDHPR1806130300,AllProject,百度本地广告广州613会销,false,never share,false,,<none>,<none>,,,unspecified,none,,,,false,true,20e90b60-2ac0-4db2-bffa-34d03c6fbede,true,+,never share,<none>,,true,+,never share,<none>,0,,,,,,,,,
WIPPHCA1805133200,AllProject,Y18 不凡帝兼职理货员代垫工资-5月-内部报价20180613,false,never share,false,,<none>,<none>,,,unspecified,none,,,,false,true,6ac5993c-847c-4d19-a563-451056dc6001,true,+,never share,<none>,,true,+,never share,<none>,0,,,,,,,,,
PLBDHPR1806130000,AllProject,百度本地广告上海621会销,false,never share,false,,<none>,<none>,,,unspecified,none,,,,false,true,f2b5ebb5-9c00-44b6-84a9-1501d48ce29b,true,+,never share,<none>,,true,+,never share,<none>,0,,,,,,,,,
PLBDHPR1806130100,AllProject,百度本地广告上海613会销,false,never share,false,,<none>,<none>,,,unspecified,none,,,,false,true,7caf40e3-b9b5-4f8c-b122-d69115e21b5c,true,+,never share,<none>,,true,+,never share,<none>,0,,,,,,,,,
WIDMFSP1806129000,AllProject,2018年帝门店销活动,false,never share,false,,<none>,<none>,,,unspecified,none,,,,false,true,cdd7fbef-1d6d-4644-9f0a-130c095d8633,true,+,never share,<none>,,true,+,never share,<none>,0,,,,,,,,,
MSCCHRS1806123400,AllProject,可口可乐6-8月重点公园旺季周末促销活动,false,never share,false,,<none>,<none>,,,unspecified,none,,,,false,true,33e31075-57e4-49ba-a3ec-ab3bdacd5edc,true,+,never share,<none>,,true,+,never share,<none>,0,,,,,,,,,
MSPGHRS1806128100,AllProject,家乐福吉列穿越火线Mega Event,false,never share,false,,<none>,<none>,,,unspecified,none,,,,false,true,5ed6c873-971d-447b-b5ea-3f1b7c19e71a,true,+,never share,<none>,,true,+,never share,<none>,0,,,,,,,,,
MSCCHRS1806123500,AllProject,纯悦中高考派发活动,false,never share,false,,<none>,<none>,,,unspecified,none,,,,false,true,885642f7-e89e-4fd9-b02b-5a526a066d17,true,+,never share,<none>,,true,+,never share,<none>,0,,,,,,,,,
MSCCHSP1806128200,AllProject,雪碧纤维+赠饮推广活动,false,never share,false,,<none>,<none>,,,unspecified,none,,,,false,true,309e77ad-b29e-48d3-bbba-ed0c0ee6e53e,true,+,never share,<none>,,true,+,never share,<none>,0,,,,,,,,,
MSCCHRS1806128300,AllProject,雪碧纤维+盒马鲜生赠推广活动,false,never share,false,,<none>,<none>,,,unspecified,none,,,,false,true,8f326617-90fc-49f1-895e-30c50da0d5e7,true,+,never share,<none>,,true,+,never share,<none>,0,,,,,,,,,
PLBWHSP1806131100,AllProject,Y18世界杯百威上海夜场活动,false,never share,false,,<none>,<none>,,,unspecified,none,,,,false,true,ab6ad3b0-73da-4dad-939a-99b08d151421,true,+,never share,<none>,,true,+,never share,<none>,0,,,,,,,,,
MSPGHSP1806122900,AllProject,SMKT AMJ CF 家乐福周年庆 ISP,false,never share,false,,<none>,<none>,,,unspecified,none,,,,false,true,ff8a9b95-71f6-42d0-945c-4b9811dc5bfb,true,+,never share,<none>,,true,+,never share,<none>,0,,,,,,,,,
MSPGHSP1806132100,AllProject,FY1718 AMJ HC Category PNT Mini Event,false,never share,false,,<none>,<none>,,,unspecified,none,,,,false,true,f709877b-a51f-4b72-9d5c-2acdc6504ec8,true,+,never share,<none>,,true,+,never share,<none>,0,,,,,,,,,
MSMWHSP1805121900,AllProject,箭牌理货员南区项目2018年5月-短促,false,never share,false,,<none>,<none>,,,unspecified,none,,,,false,true,91992571-be7a-404e-99e2-911a444c1252,true,+,never share,<none>,,true,+,never share,<none>,0,,,,,,,,,
WIUNLSP1806133000,AllProject,Y18联合利华6月自然工坊活动,false,never share,false,,<none>,<none>,,,unspecified,none,,,,false,true,692f3d84-5ef2-41d8-a58f-7825c5520696,true,+,never share,<none>,,true,+,never share,<none>,0,,,,,,,,,
PLBDHCA1806133100,AllProject,Y18百度糯米5月北京会销,false,never share,false,,<none>,<none>,,,unspecified,none,,,,false,true,576411b3-dc5a-40ef-abfa-3214626c35ba,true,+,never share,<none>,,true,+,never share,<none>,0,,,,,,,,,
MSPGHSP1805124600,AllProject,FY1718-AMJ-PNT-1718 AMJ PNT Ginza Project,false,never share,false,,<none>,<none>,,,unspecified,none,,,,false,true,a3132415-6eca-4922-b2eb-c63f368901d3,true,+,never share,<none>,,true,+,never share,<none>,0,,,,,,,,,
PLBWHRS1806125600,AllProject,2018哈啤学区电竞比赛,false,never share,false,,<none>,<none>,,,unspecified,none,,,,false,true,4b010f07-8faf-4f7d-b4b6-50944477e836,true,+,never share,<none>,,true,+,never share,<none>,0,,,,,,,,,
PLBWHRS1806128400,AllProject,百威中区fifa飞行队,false,never share,false,,<none>,<none>,,,unspecified,none,,,,false,true,06fc3cd9-ec8e-403d-877a-433cdc5ca740,true,+,never share,<none>,,true,+,never share,<none>,0,,,,,,,,,
MHMKHRS1805128000,AllProject,康师傅亚塔骑金汤布展,false,never share,false,,<none>,<none>,,,unspecified,none,,,,false,true,f061a416-b060-4150-8dd9-9c646b975ced,true,+,never share,<none>,,true,+,never share,<none>,0,,,,,,,,,
HVSDHOT1806126000,AllProject,5月-奥森多经销商服务管理项目,false,never share,false,,<none>,<none>,,,unspecified,none,,,,false,true,2c24281b-d3dd-4310-9fa2-af63925c36a1,true,+,never share,<none>,,true,+,never share,<none>,0,,,,,,,,,
HVJJHOT1806127000,AllProject,5月-强生经销商服务管理项目,false,never share,false,,<none>,<none>,,,unspecified,none,,,,false,true,dcd33e83-9b78-4246-a36e-b0e54e18cce3,true,+,never share,<none>,,true,+,never share,<none>,0,,,,,,,,,
WIJHHRS1805123600,AllProject,2018年5月启初南京儿童艺术节路演项目,false,never share,false,,<none>,<none>,,,unspecified,none,,,,false,true,d0ad80d2-f226-47fb-bc9c-a2fcc87115db,true,+,never share,<none>,,true,+,never share,<none>,0,,,,,,,,,
MSPGHSP1806125500,AllProject,FY1718 Aussie AMJ Mini Event,false,never share,false,,<none>,<none>,,,unspecified,none,,,,false,true,c7f7ab96-ba78-4b86-b1e4-704371a82b1b,true,+,never share,<none>,,true,+,never share,<none>,0,,,,,,,,,
MSPGHRS1805080200,AllProject,FY1718 YH 5月母亲节middle Event,false,never share,false,,<none>,<none>,,,unspecified,none,,,,false,true,3e8a1f92-6602-43f9-a4f5-4143afb1a260,true,+,never share,<none>,,true,+,never share,<none>,0,,,,,,,,,
PLBWHRS1806121600,AllProject,2018哈啤小篷车巡游活动,false,never share,false,,<none>,<none>,,,unspecified,none,,,,false,true,aef91278-1e4a-4ff5-b81b-1c3823903e35,true,+,never share,<none>,,true,+,never share,<none>,0,,,,,,,,,
WIMKHSP1806122500,AllProject,康师傅方便面2018.6兰州试吃活动,false,never share,false,,<none>,<none>,,,unspecified,none,,,,false,true,82d3814d-4ac5-4031-949f-ed72b56456d8,true,+,never share,<none>,,true,+,never share,<none>,0,,,,,,,,,
PLBWHSP1806122700,AllProject,Y18百威永辉啤酒节世界杯临促活动,false,never share,false,,<none>,<none>,,,unspecified,none,,,,false,true,4c2ba3fc-51cb-4d72-b495-09f2ea6bf6f0,true,+,never share,<none>,,true,+,never share,<none>,0,,,,,,,,,
WIXZHSP1806123200,AllProject,Y18新臻元麦德龙活动,false,never share,false,,<none>,<none>,,,unspecified,none,,,,false,true,878a4248-b5bf-4727-ace5-27ec771bd12a,true,+,never share,<none>,,true,+,never share,<none>,0,,,,,,,,,
MSPGHSP1806123000,AllProject,SMKT Annual SAMs Sams ISP Jun campaign,false,never share,false,,<none>,<none>,,,unspecified,none,,,,false,true,302c848d-2a8f-43c7-91f4-4b1dcd700b32,true,+,never share,<none>,,true,+,never share,<none>,0,,,,,,,,,
MSPGHSP1806123100,AllProject,RKA MJ 18 KCP ISP strengthen plan,false,never share,false,,<none>,<none>,,,unspecified,none,,,,false,true,f777f4c8-5dda-4e2a-838e-f31240203138,true,+,never share,<none>,,true,+,never share,<none>,0,,,,,,,,,
MSPGHSP1806122800,AllProject,SMKT AMJ YONGHUI 永辉第一集群妈妈是超人X永辉沐浴节 ISP,false,never share,false,,<none>,<none>,,,unspecified,none,,,,false,true,25f401a7-5407-4cd5-8e8b-e98771c52123,true,+,never share,<none>,,true,+,never share,<none>,0,,,,,,,,,
MSMWHSP1806123300,AllProject,Y18玛氏淡季P6NKA新开店活动-东区,false,never share,false,,<none>,<none>,,,unspecified,none,,,,false,true,6a146b46-cfe1-4e2b-bbc1-4de25d3b52ab,true,+,never share,<none>,,true,+,never share,<none>,0,,,,,,,,,
PLACHSP1806111700,AllProject,2018  安佳6月,false,never share,false,,<none>,<none>,,,unspecified,none,,,,false,true,814425e5-1ff4-4707-b361-59680343668f,true,+,never share,<none>,,true,+,never share,<none>,0,,,,,,,,,
WIYKHSP1806120700,AllProject,养乐多2018年店内试饮短促项目-6月,false,never share,false,,<none>,<none>,,,unspecified,none,,,,false,true,0f3535bb-6adb-454e-b9d1-0dde1109a598,true,+,never share,<none>,,true,+,never share,<none>,0,,,,,,,,,
MSHMXSP1806122600,AllProject,2018年盒马店内人员管理项目-6月,false,never share,false,,<none>,<none>,,,unspecified,none,,,,false,true,29929615-1f80-4822-b59e-dc6e502513cb,true,+,never share,<none>,,true,+,never share,<none>,0,,,,,,,,,
WIHSHRS1805122000,AllProject,韩束屈臣氏上海520小型路演项目,false,never share,false,,<none>,<none>,,,unspecified,none,,,,false,true,5ed47af5-c08d-4526-b7e9-16255b08442a,true,+,never share,<none>,,true,+,never share,<none>,0,,,,,,,,,
MSPGHSP1806122100,AllProject,FC AMJ 618 event,false,never share,false,,<none>,<none>,,,unspecified,none,,,,false,true,48b4eac3-5d35-4db5-bf56-477d5a943a02,true,+,never share,<none>,,true,+,never share,<none>,0,,,,,,,,,
WIKBCSP1806122400,AllProject,金佰利2018年6月短促管理项目,false,never share,false,,<none>,<none>,,,unspecified,none,,,,false,true,82ebc489-8bf1-4d37-b72f-8e6c2a1dc23b,true,+,never share,<none>,,true,+,never share,<none>,0,,,,,,,,,
WIABHSP1806122300,AllProject,Y18雅培全安素山姆店内促销长促-6月短促,false,never share,false,,<none>,<none>,,,unspecified,none,,,,false,true,dd4839fc-4fb1-468d-834c-ba6e58ac1459,true,+,never share,<none>,,true,+,never share,<none>,0,,,,,,,,,
WIPEHSP1806120500,AllProject,百事北区2018年6月桂格活动,false,never share,false,,<none>,<none>,,,unspecified,none,,,,false,true,8993b084-88ad-4fcb-b6de-0a144061b0f7,true,+,never share,<none>,,true,+,never share,<none>,0,,,,,,,,,
WIQDHSP1806113100,AllProject,Y18强生大宝小龙女项目-6月,false,never share,false,,<none>,<none>,,,unspecified,none,,,,false,true,ca006f3c-c67e-4214-8c54-a7e3dd5972a2,true,+,never share,<none>,,true,+,never share,<none>,0,,,,,,,,,
WIUNLSP1806117800,AllProject,18联合利华清扬植觉6月店内促销,false,never share,false,,<none>,<none>,,,unspecified,none,,,,false,true,9ff2c1af-b8d6-4382-b6ab-6e295e9c64a4,true,+,never share,<none>,,true,+,never share,<none>,0,,,,,,,,,
PLBDHCA1805121800,AllProject,百度糯米5月电销礼品代垫,false,never share,false,,<none>,<none>,,,unspecified,none,,,,false,true,ecc63641-640e-4d39-b8af-96f1b013dcd8,true,+,never share,<none>,,true,+,never share,<none>,0,,,,,,,,,
WIWALSP1806122200,AllProject,和路雪UP团队全面管理项目-6月,false,never share,false,,<none>,<none>,,,unspecified,none,,,,false,true,c800805e-8c7c-404d-a68c-7bd945f505ea,true,+,never share,<none>,,true,+,never share,<none>,0,,,,,,,,,
WIUNLSP1806115400,AllProject,Y18 联合利华 6月新清扬世界杯活动,false,never share,false,,<none>,<none>,,,unspecified,none,,,,false,true,12861779-3c2d-400d-bc0e-cfaaad04d99f,true,+,never share,<none>,,true,+,never share,<none>,0,,,,,,,,,
MSPGHSP1806118800,AllProject,SMKT AMJ North Region RR World Cup Male MBCI campaign ISP,false,never share,false,,<none>,<none>,,,unspecified,none,,,,false,true,274de51b-51d3-4b36-9f57-cac5e561e04e,true,+,never share,<none>,,true,+,never share,<none>,0,,,,,,,,,
MSPGHSP1806121000,AllProject,FY1718 AMJ HC Jun Trial X event,false,never share,false,,<none>,<none>,,,unspecified,none,,,,false,true,d9731604-be15-4c74-b52d-b1ff6af0ad79,true,+,never share,<none>,,true,+,never share,<none>,0,,,,,,,,,
MSWHHMM1805113000,AllProject,2018华为包店Q2,false,never share,false,,<none>,<none>,,,unspecified,none,,,,false,true,b2efe32a-f52c-4ff7-b330-0899c54d5a1b,true,+,never share,<none>,,true,+,never share,<none>,0,,,,,,,,,
WIPEHSP1806121700,AllProject,2018年百事南区乐事6-7月免品试吃活动,false,never share,false,,<none>,<none>,,,unspecified,none,,,,false,true,6391192b-b2e1-4810-ab12-8db33e0b8e1e,true,+,never share,<none>,,true,+,never share,<none>,0,,,,,,,,,
MSMWHSP1806121500,AllProject,Y18玛氏淡季P6MM辣花生派样试吃活动,false,never share,false,,<none>,<none>,,,unspecified,none,,,,false,true,59efe07a-f316-41bd-a108-686ebfc053c3,true,+,never share,<none>,,true,+,never share,<none>,0,,,,,,,,,
MSMJHCA1806120900,AllProject,2018年美赞成代垫门店管理费,false,never share,false,,<none>,<none>,,,unspecified,none,,,,false,true,370e35de-9b0d-4eff-8ce8-1f4bb56a6ea2,true,+,never share,<none>,,true,+,never share,<none>,0,,,,,,,,,
WIPEHSP1806120800,AllProject,Y18 百事西区6月桂格试吃活动,false,never share,false,,<none>,<none>,,,unspecified,none,,,,false,true,b03f197b-4005-4a1a-a488-eb95a2206e30,true,+,never share,<none>,,true,+,never share,<none>,0,,,,,,,,,
MSGCHRS1806120600,AllProject,广东省促进会会议,false,never share,false,,<none>,<none>,,,unspecified,none,,,,false,true,2bd5b38e-c249-4a23-a2e1-e856eae23119,true,+,never share,<none>,,true,+,never share,<none>,0,,,,,,,,,
WIWALSP1806113400,AllProject,和路雪2018年PMR管理项目短促,false,never share,false,,<none>,<none>,,,unspecified,none,,,,false,true,67cdebd1-7966-4885-b6c0-da05dec77060,true,+,never share,<none>,,true,+,never share,<none>,0,,,,,,,,,
MSPGHSP1806118700,AllProject,SMKT AMJ RTMart RT World Cup Male MBCI campaign ISP,false,never share,false,,<none>,<none>,,,unspecified,none,,,,false,true,d50173a7-aa96-42f2-87c2-4387338e31b9,true,+,never share,<none>,,true,+,never share,<none>,0,,,,,,,,,
MSPGHSP1806118900,AllProject,SMKT AMJ Walmart WM World Cup Male MBCI campaign POSM ISP,false,never share,false,,<none>,<none>,,,unspecified,none,,,,false,true,9f82be82-a354-46bf-9e05-1ff51ad58e3d,true,+,never share,<none>,,true,+,never share,<none>,0,,,,,,,,,
MSPGHSP1806119200,AllProject,SMKT AMJ CF CRF World Cup Male MBCI campaign ISP,false,never share,false,,<none>,<none>,,,unspecified,none,,,,false,true,2d847779-cce5-472c-8824-75551f65a637,true,+,never share,<none>,,true,+,never share,<none>,0,,,,,,,,,
MSPGHSP1806119100,AllProject,SMKT AMJ YONGHUI YH World Cup Male MBCI campaign ISP,false,never share,false,,<none>,<none>,,,unspecified,none,,,,false,true,b7c97915-288a-4e64-8626-d888ade1e471,true,+,never share,<none>,,true,+,never share,<none>,0,,,,,,,,,
MSPGHSP1806119000,AllProject,SMKT AMJ RTMart RT World Cup Male MBCI campaign ISP(东区),false,never share,false,,<none>,<none>,,,unspecified,none,,,,false,true,4c5e577d-2447-4665-bd54-d1f54f4e04a7,true,+,never share,<none>,,true,+,never share,<none>,0,,,,,,,,,
WIGSKOT1806119600,AllProject,Y18 GSK 共享促销员-6月,false,never share,false,,<none>,<none>,,,unspecified,none,,,,false,true,bd88c4b5-1694-43d9-b799-a2f7ad139851,true,+,never share,<none>,,true,+,never share,<none>,0,,,,,,,,,
WILPHSP1806117600,AllProject,2018年6月欧莱雅短促SID活动-男士,false,never share,false,,<none>,<none>,,,unspecified,none,,,,false,true,e5738952-0da5-46ce-8755-46370b745dc3,true,+,never share,<none>,,true,+,never share,<none>,0,,,,,,,,,
PLBWHRS1805109300,AllProject,百威FIFA飞行队巡游,false,never share,false,,<none>,<none>,,,unspecified,none,,,,false,true,1825e147-284e-444f-af14-c4a419a4ab2c,true,+,never share,<none>,,true,+,never share,<none>,0,,,,,,,,,
WILPHSP1806117700,AllProject,2018年6月欧莱雅短促in store demo 男士,false,never share,false,,<none>,<none>,,,unspecified,none,,,,false,true,26521b1b-9345-4bd1-8ee6-806787c23695,true,+,never share,<none>,,true,+,never share,<none>,0,,,,,,,,,
WILPHSP1806117500,AllProject,2018年6月欧莱雅短促SID活动-洗护,false,never share,false,,<none>,<none>,,,unspecified,none,,,,false,true,8a73a05a-bea1-4a0b-8d7a-d4d241b71173,true,+,never share,<none>,,true,+,never share,<none>,0,,,,,,,,,
WILPHSP1806116800,AllProject,2018年6月档短促SID-男士 沃尔玛,false,never share,false,,<none>,<none>,,,unspecified,none,,,,false,true,0a03270b-b010-47e6-a264-e17757da18c5,true,+,never share,<none>,,true,+,never share,<none>,0,,,,,,,,,
MSCCHRS1805109200,AllProject,可口可乐5-6月定制机巡游活动,false,never share,false,,<none>,<none>,,,unspecified,none,,,,false,true,e0224091-831a-41ab-b5c7-2094fe657829,true,+,never share,<none>,,true,+,never share,<none>,0,,,,,,,,,
MSPGHSP1806118500,AllProject,SMKT AMJ North Region BJHL World Cup Male MBCI campaign ISP,false,never share,false,,<none>,<none>,,,unspecified,none,,,,false,true,2c802dde-1794-4aaa-afaa-86e5f60522cd,true,+,never share,<none>,,true,+,never share,<none>,0,,,,,,,,,
MSPGHSP1806118600,AllProject,SMKT AMJ North Region Wumart World Cup Male MBCI campaign ISP,false,never share,false,,<none>,<none>,,,unspecified,none,,,,false,true,c0e6911f-475c-42e4-a876-9a0a382d7457,true,+,never share,<none>,,true,+,never share,<none>,0,,,,,,,,,
MSPGHSP1806119300,AllProject,SMKT AMJ CRV Tesco CRV 世界杯 Campaign ISP,false,never share,false,,<none>,<none>,,,unspecified,none,,,,false,true,7f147ecc-6538-4c02-ad52-b1d4cee848a1,true,+,never share,<none>,,true,+,never share,<none>,0,,,,,,,,,
WIDMFCA1806119500,AllProject,2018帝门彩色LOGO保温杯物料代垫,false,never share,false,,<none>,<none>,,,unspecified,none,,,,false,true,ede46893-e60a-4c97-bd7c-e6c610e2d708,true,+,never share,<none>,,true,+,never share,<none>,0,,,,,,,,,
PLBWHRS1805114400,AllProject,2018哈啤常规啤酒花园活动,false,never share,false,,<none>,<none>,,,unspecified,none,,,,false,true,e9547259-0cb0-496d-807a-48e06bc1ad0c,true,+,never share,<none>,,true,+,never share,<none>,0,,,,,,,,,
PLBWHOT1806113200,AllProject,2018哈尔滨啤酒微信官微全年运营计划,false,never share,false,,<none>,<none>,,,unspecified,none,,,,false,true,08960464-c0a5-4fbc-bc71-dca61fcb8f90,true,+,never share,<none>,,true,+,never share,<none>,0,,,,,,,,,
WILPHSP1806116900,AllProject,2018年6月档短促SID-洗护 沃尔玛,false,never share,false,,<none>,<none>,,,unspecified,none,,,,false,true,41a35c8f-51e0-4080-8bdf-53cbe61541ed,true,+,never share,<none>,,true,+,never share,<none>,0,,,,,,,,,
PLBWHOT1805114500,AllProject,百威山东中餐食街巡游活动,false,never share,false,,<none>,<none>,,,unspecified,none,,,,false,true,ce9efba1-ecb5-4b1e-8697-3ae92bad1659,true,+,never share,<none>,,true,+,never share,<none>,0,,,,,,,,,
MSLXHMD1805116000,AllProject,2018年5-6月卡士店检,false,never share,false,,<none>,<none>,,,unspecified,none,,,,false,true,9a00938c-92ce-4387-92a1-3cd3a870b290,true,+,never share,<none>,,true,+,never share,<none>,0,,,,,,,,,
MHMKHPR1805113500,AllProject,康师傅长春马拉松,false,never share,false,,<none>,<none>,,,unspecified,none,,,,false,true,5163d0db-b280-4f30-99b2-be0c22ba412f,true,+,never share,<none>,,true,+,never share,<none>,0,,,,,,,,,
MHMKHPR1805111500,AllProject,康师傅小小排球训练营,false,never share,false,,<none>,<none>,,,unspecified,none,,,,false,true,8b26d239-11e6-4c57-9103-b44650fcfd21,true,+,never share,<none>,,true,+,never share,<none>,0,,,,,,,,,
MHMKHPR1805113600,AllProject,康师傅上海亲子跑,false,never share,false,,<none>,<none>,,,unspecified,none,,,,false,true,eef14542-2741-43a6-9640-6bc6a8eb7aed,true,+,never share,<none>,,true,+,never share,<none>,0,,,,,,,,,
MSMWHSP1805111800,AllProject,箭牌理货员南区项目2018年5月,false,never share,false,,<none>,<none>,,,unspecified,none,,,,false,true,00ceaeff-aa7f-47a7-9271-8d1dd3223a2c,true,+,never share,<none>,,true,+,never share,<none>,0,,,,,,,,,
MSMWHSP1805107800,AllProject,2018箭牌P5-P7沃尔玛弹立方活动-南区,false,never share,false,,<none>,<none>,,,unspecified,none,,,,false,true,6efa3036-9fa9-4d59-ab96-bcd1454ed03e,true,+,never share,<none>,,true,+,never share,<none>,0,,,,,,,,,
PLBWHSP1806111000,AllProject,Y18百威6-7月啤酒节华润旺季临促活动,false,never share,false,,<none>,<none>,,,unspecified,none,,,,false,true,5049bd41-56bb-40d2-84c4-1ce3b3507698,true,+,never share,<none>,,true,+,never share,<none>,0,,,,,,,,,
MSDAHSP1804085100,AllProject,2018年4月达能冰冻人项目,false,never share,false,,<none>,<none>,,,unspecified,none,,,,false,true,5c9c323a-bf2c-4c45-9024-d07bc0bcf639,true,+,never share,<none>,,true,+,never share,<none>,0,,,,,,,,,
MSMWHSP1806114100,AllProject,Y18玛氏淡季P6脆香米试吃活动-东区,false,never share,false,,<none>,<none>,,,unspecified,none,,,,false,true,9e4f9630-1cdb-48fc-83c1-80e468e56b3a,true,+,never share,<none>,,true,+,never share,<none>,0,,,,,,,,,
WIJBDRS1805112200,AllProject,京东海洋公园荷兰节美素佳儿落地活动,false,never share,false,,<none>,<none>,,,unspecified,none,,,,false,true,4edc8ec0-86de-4606-b978-770ee1591809,true,+,never share,<none>,,true,+,never share,<none>,0,,,,,,,,,
WIPEHSP1805113300,AllProject,Y18 百事东区6-8月桂格试吃活动,false,never share,false,,<none>,<none>,,,unspecified,none,,,,false,true,486c1987-85cc-4384-9de5-de8eb178e7c2,true,+,never share,<none>,,true,+,never share,<none>,0,,,,,,,,,
MSPGHRS1806107700,AllProject,FY1718 BO Ecom 天猫618快闪店Event,false,never share,false,,<none>,<none>,,,unspecified,none,,,,false,true,f7250500-b615-44cd-83b8-c0a59e5d9cf7,true,+,never share,<none>,,true,+,never share,<none>,0,,,,,,,,,
RCFRHHR1806111206,AllProject,费列罗CVS理货项目-6月_6,false,never share,false,,<none>,<none>,,,unspecified,none,,,,false,true,ea987c02-f05e-4e51-b611-89a034095305,true,+,never share,<none>,,true,+,never share,<none>,0,,,,,,,,,
HVSDHOT1805112000,AllProject,4月-奥森多经销商服务管理项目,false,never share,false,,<none>,<none>,,,unspecified,none,,,,false,true,16171294-332e-4ee0-a67f-5ecacf22c88e,true,+,never share,<none>,,true,+,never share,<none>,0,,,,,,,,,
HVHEHST1806112106,AllProject,Y18好时淡季长促（6月）_6,false,never share,false,,<none>,<none>,,,unspecified,none,,,,false,true,7ee00fc2-a6c8-4b81-8796-41b5f179a897,true,+,never share,<none>,,true,+,never share,<none>,0,,,,,,,,,
MSMWHSP1806112400,AllProject,P6CXM脆香米&MM's辣花生活动,false,never share,false,,<none>,<none>,,,unspecified,none,,,,false,true,44105573-3c0c-4dee-8ad8-a306f1304eb2,true,+,never share,<none>,,true,+,never share,<none>,0,,,,,,,,,
PLBWHRS1805112300,AllProject,百威FIFA镇区活动,false,never share,false,,<none>,<none>,,,unspecified,none,,,,false,true,6734a396-7934-42fd-ba1a-9e65ccfa50b7,true,+,never share,<none>,,true,+,never share,<none>,0,,,,,,,,,
WIPEHSP1806111600,AllProject,2018年百事南区桂格6月免品试吃活动,false,never share,false,,<none>,<none>,,,unspecified,none,,,,false,true,7c060ceb-a0db-4685-b633-12e2050c2c28,true,+,never share,<none>,,true,+,never share,<none>,0,,,,,,,,,
MHMKHCD1805111400,AllProject,康师傅高汤桶面专区设计,false,never share,false,,<none>,<none>,,,unspecified,none,,,,false,true,c19f0d7d-c819-454c-b7bc-d661bea6361c,true,+,never share,<none>,,true,+,never share,<none>,0,,,,,,,,,
WIPEHSP1805109100,AllProject,Y18 百事东区6-7月多力多滋周末试吃活动,false,never share,false,,<none>,<none>,,,unspecified,none,,,,false,true,d74b96b9-faa2-4809-a038-4b4727281415,true,+,never share,<none>,,true,+,never share,<none>,0,,,,,,,,,
WIPEHSP1805109000,AllProject,Y18 百事东区6-7月世界杯试吃路演活动,false,never share,false,,<none>,<none>,,,unspecified,none,,,,false,true,8828f559-fd7a-4b44-a65e-538e2ce5d1da,true,+,never share,<none>,,true,+,never share,<none>,0,,,,,,,,,
WITSHHR1806075106,AllProject,陶氏杜邦DG人事外包项目-6月_6,false,never share,false,,<none>,<none>,,,unspecified,none,,,,false,true,b5e9285e-a00a-4aa3-bbe3-fe307ff24c50,true,+,never share,<none>,,true,+,never share,<none>,0,,,,,,,,,
MSPGHCA1805111100,AllProject,2018年5月-PCS  SPOC  College会议,false,never share,false,,<none>,<none>,,,unspecified,none,,,,false,true,dd4b9775-d723-4d22-af54-301d06c153ac,true,+,never share,<none>,,true,+,never share,<none>,0,,,,,,,,,
MHMKHCA1805111300,AllProject,2018康师傅永辉抽奖,false,never share,false,,<none>,<none>,,,unspecified,none,,,,false,true,195e7312-9c7d-45f4-a3a3-26ca6ad851a4,true,+,never share,<none>,,true,+,never share,<none>,0,,,,,,,,,
MHMKHPR1805106300,AllProject,2018康师傅汤大师布展,false,never share,false,,<none>,<none>,,,unspecified,none,,,,false,true,94058dab-5ed6-4c15-a274-cc4ecee256a1,true,+,never share,<none>,,true,+,never share,<none>,0,,,,,,,,,
MSMWHSP1805110000,AllProject,2018年箭牌P5-7沃尔玛弹立方客户定制活动-东区,false,never share,false,,<none>,<none>,,,unspecified,none,,,,false,true,98fbdddc-6478-499e-b0fa-b378ee27f4fc,true,+,never share,<none>,,true,+,never share,<none>,0,,,,,,,,,
MSHJHSP1806108800,AllProject,2018年亨氏六一游园活动,false,never share,false,,<none>,<none>,,,unspecified,none,,,,false,true,2ef5256b-574f-4d48-a3fb-4d36b7772aeb,true,+,never share,<none>,,true,+,never share,<none>,0,,,,,,,,,
WIGSKSP1805107000,AllProject,Y18 GSK 6月临促,false,never share,false,,<none>,<none>,,,unspecified,none,,,,false,true,b3920af2-982c-444a-8283-f3d51e3d1060,true,+,never share,<none>,,true,+,never share,<none>,0,,,,,,,,,
MSPGHMD1806108900,AllProject,宝洁18年6 月全国店检项目,false,never share,false,,<none>,<none>,,,unspecified,none,,,,false,true,53da158d-bfd9-43b8-946a-dafdc0fb89f0,true,+,never share,<none>,,true,+,never share,<none>,0,,,,,,,,,
MSMHHSP1805107600,AllProject,chandon spicy wave II 5-7月,false,never share,false,,<none>,<none>,,,unspecified,none,,,,false,true,e10506c5-b350-472a-bfc3-5da598196c33,true,+,never share,<none>,,true,+,never share,<none>,0,,,,,,,,,
MSPGHSP1805106000,AllProject,FY1718 AMJ Gill FY1718 AMJ Gill 吉列世界杯,false,never share,false,,<none>,<none>,,,unspecified,none,,,,false,true,8f88b6ae-23f4-4ee3-ae03-96ae0d5673ae,true,+,never share,<none>,,true,+,never share,<none>,0,,,,,,,,,
WIDMHST1806060506,AllProject,纽迪希亚全面管理-南中国-2018年6月_6,false,never share,false,,<none>,<none>,,,unspecified,none,,,,false,true,1e198f14-cac3-44af-bbdf-4a13adf4ca3d,true,+,never share,<none>,,true,+,never share,<none>,0,,,,,,,,,
MSMWHSP1805097100,AllProject,2018箭牌P5沃尔玛劲浪试吃客户定制档-南区,false,never share,false,,<none>,<none>,,,unspecified,none,,,,false,true,3ee78260-4671-4ace-9060-f12610c16b59,true,+,never share,<none>,,true,+,never share,<none>,0,,,,,,,,,
PLBWHSP1805104600,AllProject,2018年百威英博FIFA沃尔玛进口酒临促活动,false,never share,false,,<none>,<none>,,,unspecified,none,,,,false,true,94e865fc-e24c-4c5b-b158-8aa7089d156e,true,+,never share,<none>,,true,+,never share,<none>,0,,,,,,,,,
MSMWHSP1805102300,AllProject,2018箭牌P6绿箭餐后主题活动-南区,false,never share,false,,<none>,<none>,,,unspecified,none,,,,false,true,90ebbf8f-1471-4398-a124-6cb43a143fdc,true,+,never share,<none>,,true,+,never share,<none>,0,,,,,,,,,
MSMWHSP1805105100,AllProject,2018年箭牌P6绿箭餐后主题活动-东区,false,never share,false,,<none>,<none>,,,unspecified,none,,,,false,true,b92d4ac5-9ba9-4f70-a167-81b9073c8eae,true,+,never share,<none>,,true,+,never share,<none>,0,,,,,,,,,
MSPGHMD1805093000,AllProject,宝洁18年5月全国店检项目,false,never share,false,,<none>,<none>,,,unspecified,none,,,,false,true,9fb12dff-1b4e-4ae3-856e-053229383d8b,true,+,never share,<none>,,true,+,never share,<none>,0,,,,,,,,,
MSPGHOT1806105200,AllProject,宝洁18年6月全国店检项目,false,never share,false,,<none>,<none>,,,unspecified,none,,,,false,true,0d3c9258-e43d-43bc-afcd-e5796672bc31,true,+,never share,<none>,,true,+,never share,<none>,0,,,,,,,,,
MSMWHSP1805105000,AllProject,2018年箭牌P5沃尔玛劲浪试吃客户定制活动-东区,false,never share,false,,<none>,<none>,,,unspecified,none,,,,false,true,0cbbb6f0-801e-4d02-bff6-fee9b5abdf46,true,+,never share,<none>,,true,+,never share,<none>,0,,,,,,,,,
PLBDHCA1805103200,AllProject,Y18百度糯米5月10日深圳会销,false,never share,false,,<none>,<none>,,,unspecified,none,,,,false,true,ecee5e77-b8e0-4ee4-bbef-bf22ae4b5250,true,+,never share,<none>,,true,+,never share,<none>,0,,,,,,,,,
WIPEHCA1804104300,AllProject,Y18 百事东区4-6月薪资代垫项目,false,never share,false,,<none>,<none>,,,unspecified,none,,,,false,true,c692c401-be5c-45cc-95ad-7d1fc17d3697,true,+,never share,<none>,,true,+,never share,<none>,0,,,,,,,,,
PLBDHCA1805103000,AllProject,Y18百度糯米5月9日广州会销,false,never share,false,,<none>,<none>,,,unspecified,none,,,,false,true,84a7145f-e5a6-4515-b043-6e516d2b7301,true,+,never share,<none>,,true,+,never share,<none>,0,,,,,,,,,
PLBDHCA1805103300,AllProject,Y18百度糯米5月8日上海中国行会务,false,never share,false,,<none>,<none>,,,unspecified,none,,,,false,true,d3d4e433-ce00-4c03-8510-e01aa4f94ccc,true,+,never share,<none>,,true,+,never share,<none>,0,,,,,,,,,
PLBDHCA1805103100,AllProject,Y18百度糯米5月15日广州会销,false,never share,false,,<none>,<none>,,,unspecified,none,,,,false,true,36bdff84-882d-4707-a5e8-b220c95746db,true,+,never share,<none>,,true,+,never share,<none>,0,,,,,,,,,
PLBDHCA1805103400,AllProject,Y18百度糯米5月23日上海会务,false,never share,false,,<none>,<none>,,,unspecified,none,,,,false,true,f14f64cb-f1d1-457e-bcd9-c01c3e4270e3,true,+,never share,<none>,,true,+,never share,<none>,0,,,,,,,,,
HVADHRS1805104400,AllProject,焙朗百人瑜伽路演项目,false,never share,false,,<none>,<none>,,,unspecified,none,,,,false,true,e27e3477-be6e-434e-868a-01ad8e7ff624,true,+,never share,<none>,,true,+,never share,<none>,0,,,,,,,,,
WIHSHRS1805102200,AllProject,2018年韩束10城市路演项目,false,never share,false,,<none>,<none>,,,unspecified,none,,,,false,true,64a6a234-a312-4bef-a024-614e73741386,true,+,never share,<none>,,true,+,never share,<none>,0,,,,,,,,,
WILPHST1801003105,AllProject,欧莱雅DP人事外包-2018年5月,false,never share,false,,<none>,<none>,,,unspecified,none,,,,false,true,8bce71c8-acde-416a-9a23-553313635a7c,true,+,never share,<none>,,true,+,never share,<none>,0,,,,,,,,,
WILPHSS1801003205,AllProject,欧莱雅DP人事外包-2018年5月短促,false,never share,false,,<none>,<none>,,,unspecified,none,,,,false,true,99ab3ee3-3d40-49cc-af11-0e882580cf97,true,+,never share,<none>,,true,+,never share,<none>,0,,,,,,,,,
WIKBCHR1801001805,AllProject,2018年金佰利DSR5月份人员派遣服务项目,false,never share,false,,<none>,<none>,,,unspecified,none,,,,false,true,9a29f712-b4d2-429e-a1e2-96b56041ff8d,true,+,never share,<none>,,true,+,never share,<none>,0,,,,,,,,,
HVFLDSS1801004605,AllProject,Y18菲丽嘟全国宜家促销员管理5月短促,false,never share,false,,<none>,<none>,,,unspecified,none,,,,false,true,a4b933dd-e57e-4ba0-9968-d01b3f050c41,true,+,never share,<none>,,true,+,never share,<none>,0,,,,,,,,,
HVHEHSS1801001605,AllProject,Y18好时旺季5月驻店导购-短促,false,never share,false,,<none>,<none>,,,unspecified,none,,,,false,true,3d51ee89-da61-4b77-a365-02221e740305,true,+,never share,<none>,,true,+,never share,<none>,0,,,,,,,,,
HVHEHST1801001505,AllProject,Y18好时淡季5月驻店导购,false,never share,false,,<none>,<none>,,,unspecified,none,,,,false,true,ab8034e8-58d1-4cf3-9ac2-bcf788189d61,true,+,never share,<none>,,true,+,never share,<none>,0,,,,,,,,,
RCFRHHR1801007905,AllProject,费列罗CVS理货项目-5月,false,never share,false,,<none>,<none>,,,unspecified,none,,,,false,true,d862d8b4-ca85-48f2-a8ee-9faea68714ad,true,+,never share,<none>,,true,+,never share,<none>,0,,,,,,,,,
HVDPHHR1801001405,AllProject,B站人事外包2018-5月,false,never share,false,,<none>,<none>,,,unspecified,none,,,,false,true,6cfc1fcf-123e-450b-bfc2-dbbf6a7f2e54,true,+,never share,<none>,,true,+,never share,<none>,0,,,,,,,,,
MSHJHST1801008005,AllProject,2018年亨氏M5PG项目-人力,false,never share,false,,<none>,<none>,,,unspecified,none,,,,false,true,5a4311c2-7587-4391-a69c-d280ab0ede30,true,+,never share,<none>,,true,+,never share,<none>,0,,,,,,,,,
WIFRHST1801001305,AllProject,费列罗TSR管理2018年5月,false,never share,false,,<none>,<none>,,,unspecified,none,,,,false,true,1c8abd4d-bdd0-4f56-8ad8-4b86a154bb96,true,+,never share,<none>,,true,+,never share,<none>,0,,,,,,,,,
MSHJHSS1801008105,AllProject,2018年亨氏M5PG项目-非人力,false,never share,false,,<none>,<none>,,,unspecified,none,,,,false,true,938a3c79-dc8b-4ebe-9268-c75bb0c35f9e,true,+,never share,<none>,,true,+,never share,<none>,0,,,,,,,,,
MSMRHSS1801001105,AllProject,Y18玛氏淡季5月短促-南区,false,never share,false,,<none>,<none>,,,unspecified,none,,,,false,true,62d7f56c-a716-47a3-b6ba-91cbab7ca838,true,+,never share,<none>,,true,+,never share,<none>,0,,,,,,,,,
MSMRHSS1801001005,AllProject,Y18玛氏淡季5月短促-东区,false,never share,false,,<none>,<none>,,,unspecified,none,,,,false,true,40179672-0b63-44ec-a24b-9ac4db64e630,true,+,never share,<none>,,true,+,never share,<none>,0,,,,,,,,,
WIYMHST1801014005,AllProject,Y18翡丽5月长促理货员,false,never share,false,,<none>,<none>,,,unspecified,none,,,,false,true,e0ba5f19-212a-4a11-98b0-fd2999652a9f,true,+,never share,<none>,,true,+,never share,<none>,0,,,,,,,,,
MSMRHST1801000905,AllProject,Y18玛氏淡季5月Mer&Checker项目,false,never share,false,,<none>,<none>,,,unspecified,none,,,,false,true,f39cc51c-dfaa-46a0-bdd1-a0b947cc46c2,true,+,never share,<none>,,true,+,never share,<none>,0,,,,,,,,,
MSWWHST1801017905,AllProject,箭牌理货员项目2018年5月,false,never share,false,,<none>,<none>,,,unspecified,none,,,,false,true,098adb1d-08af-4db3-bda8-39eb4c36bffd,true,+,never share,<none>,,true,+,never share,<none>,0,,,,,,,,,
MSMRHST1801000705,AllProject,Y18玛氏淡季5月长促-南区,false,never share,false,,<none>,<none>,,,unspecified,none,,,,false,true,21bff278-cbb1-4f45-ab13-a43c81cc9c75,true,+,never share,<none>,,true,+,never share,<none>,0,,,,,,,,,
MSWWHSS1801030405,AllProject,箭牌理货员项目2018年5月短促,false,never share,false,,<none>,<none>,,,unspecified,none,,,,false,true,72e22a93-55bc-4650-b9da-5913b56330d6,true,+,never share,<none>,,true,+,never share,<none>,0,,,,,,,,,
WITSHHR1802030705,AllProject,陶氏杜邦DG人事外包项目-5月,false,never share,false,,<none>,<none>,,,unspecified,none,,,,false,true,688fbe84-cafe-42dd-9fd7-a47a05bc1064,true,+,never share,<none>,,true,+,never share,<none>,0,,,,,,,,,
MSMRHST1801000605,AllProject,Y18玛氏淡季5月长促-东区,false,never share,false,,<none>,<none>,,,unspecified,none,,,,false,true,777ca577-7f5f-4d96-ac7d-91b9123733e9,true,+,never share,<none>,,true,+,never share,<none>,0,,,,,,,,,
MSMRHSS1804048105,AllProject,Y18玛氏淡季5月Mer&Checker项目短促,false,never share,false,,<none>,<none>,,,unspecified,none,,,,false,true,33ed7e1d-72e3-4272-9cea-9d05d24e7f24,true,+,never share,<none>,,true,+,never share,<none>,0,,,,,,,,,
PLPEHHR1801000505,AllProject,Y18百事人事外包-5月,false,never share,false,,<none>,<none>,,,unspecified,none,,,,false,true,d05cd9df-404b-47a3-ba5b-28d160aebaae,true,+,never share,<none>,,true,+,never share,<none>,0,,,,,,,,,
WIKBCSS1805048600,AllProject,金佰利2018年5月长促管理短促,false,never share,false,,<none>,<none>,,,unspecified,none,,,,false,true,f558626e-12da-4cda-a6cd-85076f990b9d,true,+,never share,<none>,,true,+,never share,<none>,0,,,,,,,,,
WIDMHST1801000305,AllProject,纽迪希亚全面管理-南中国-2018年5月,false,never share,false,,<none>,<none>,,,unspecified,none,,,,false,true,a5789c71-a110-4614-a979-5cab2eeb225c,true,+,never share,<none>,,true,+,never share,<none>,0,,,,,,,,,
WIWALSS1801000205,AllProject,和路雪2018年5月PMR管理项目短促,false,never share,false,,<none>,<none>,,,unspecified,none,,,,false,true,8b7a9373-f7aa-4767-b2c9-56da39475b3c,true,+,never share,<none>,,true,+,never share,<none>,0,,,,,,,,,
WIYMHSS1805048705,AllProject,Y18翡丽5月长促理货员短促,false,never share,false,,<none>,<none>,,,unspecified,none,,,,false,true,85cb5175-c441-4b35-b70b-8b2585c981b0,true,+,never share,<none>,,true,+,never share,<none>,0,,,,,,,,,
WIWALHR1801000105,AllProject,和路雪2018年5月PMR管理项目,false,never share,false,,<none>,<none>,,,unspecified,none,,,,false,true,f88747af-39b1-4d42-82e6-347a1a4351af,true,+,never share,<none>,,true,+,never share,<none>,0,,,,,,,,,
MSMHHSS1801012905,AllProject,2018年MHD5月临促工资发放,false,never share,false,,<none>,<none>,,,unspecified,none,,,,false,true,df2634e2-4fc3-46b8-825e-c76766650f78,true,+,never share,<none>,,true,+,never share,<none>,0,,,,,,,,,
PLBWHSP1805096700,AllProject,2018年百威FIFA路演活动,false,never share,false,,<none>,<none>,,,unspecified,none,,,,false,true,62771289-7ff1-405b-a053-cbcfde292b42,true,+,never share,<none>,,true,+,never share,<none>,0,,,,,,,,,
MSJAXOT1805096900,AllProject,2018年GIC展会地推活动,false,never share,false,,<none>,<none>,,,unspecified,none,,,,false,true,4029c52c-f64b-4bf9-84d2-26c26deea13e,true,+,never share,<none>,,true,+,never share,<none>,0,,,,,,,,,
MSPGHSP1805080200,AllProject,FY1718 YH 5月母亲节middle Event1,false,never share,false,,<none>,<none>,,,unspecified,none,,,,false,true,9772e241-b8e3-453c-b233-c9ca659a2094,true,+,never share,<none>,,true,+,never share,<none>,0,,,,,,,,,
MSLGHST1801014305,AllProject,Y18蓝罐5月长促项目,false,never share,false,,<none>,<none>,,,unspecified,none,,,,false,true,660feb42-7bf7-4d76-acd4-357d432187b8,true,+,never share,<none>,,true,+,never share,<none>,0,,,,,,,,,
WIJHHDS1804086300,AllProject,ERP测试01,false,never share,false,,<none>,<none>,,,unspecified,none,,,,false,true,b315aebf-9833-4c45-960f-6bc33ace9b78,true,+,never share,<none>,,true,+,never share,<none>,0,,,,,,,,,
MSMRHSP1805091200,AllProject,Y18玛氏饮品导饮员项目,false,never share,false,,<none>,<none>,,,unspecified,none,,,,false,true,61bb657b-290f-4d3e-a486-f6c44672ae6d,true,+,never share,<none>,,true,+,never share,<none>,0,,,,,,,,,
WIPEHSP1805082900,AllProject,Y18 百事西区5月麦果脆试吃活动,false,never share,false,,<none>,<none>,,,unspecified,none,,,,false,true,7c4ebb64-0c05-4a1f-97c3-eb7252337d55,true,+,never share,<none>,,true,+,never share,<none>,0,,,,,,,,,
MSPGHRS1806092200,AllProject,2018吉列世界杯mega event,false,never share,false,,<none>,<none>,,,unspecified,none,,,,false,true,8220abd0-3af9-44ea-bbe2-4bcf44f7b9bb,true,+,never share,<none>,,true,+,never share,<none>,0,,,,,,,,,
WIPPHDS1805093900,AllProject,Y18不凡帝比巴卜新品派样,false,never share,false,,<none>,<none>,,,unspecified,none,,,,false,true,fe9c4593-9153-4e17-9ab8-a54067ddcc61,true,+,never share,<none>,,true,+,never share,<none>,0,,,,,,,,,
MSCCHRS1805092300,AllProject,2018年美汁源新一代校园赠饮活动,false,never share,false,,<none>,<none>,,,unspecified,none,,,,false,true,b5fa12a9-6a9c-45a7-90c9-1f7cc26e5be4,true,+,never share,<none>,,true,+,never share,<none>,0,,,,,,,,,
WIKBCOT1804093300,AllProject,金佰利2018年4-6月珠海共享PG管理,false,never share,false,,<none>,<none>,,,unspecified,none,,,,false,true,be2455c9-0c0a-4921-93ec-f003b81b7d35,true,+,never share,<none>,,true,+,never share,<none>,0,,,,,,,,,
WILPHSP1805100500,AllProject,Y18欧莱雅In store demo活动0517档-洗护,false,never share,false,,<none>,<none>,,,unspecified,none,,,,false,true,611d38c8-6561-44a5-8340-ad8c4a4b01fd,true,+,never share,<none>,,true,+,never share,<none>,0,,,,,,,,,
WILPHSP1805097200,AllProject,Y18欧莱雅In store demo活动0517档-男士,false,never share,false,,<none>,<none>,,,unspecified,none,,,,false,true,cf1dddb3-ba7b-4841-ae51-171b2963325f,true,+,never share,<none>,,true,+,never share,<none>,0,,,,,,,,,
PLBDHCA1805101200,AllProject,百度糯米4月电销礼品代垫,false,never share,false,,<none>,<none>,,,unspecified,none,,,,false,true,3d1bd56b-e9f8-4f7e-9886-ecac4b4bc249,true,+,never share,<none>,,true,+,never share,<none>,0,,,,,,,,,
WIQDHSP1805048200,AllProject,Y18强生大宝小龙女项目-5月,false,never share,false,,<none>,<none>,,,unspecified,none,,,,false,true,536b78bf-f99d-41f4-a3ed-2f80fc458bbb,true,+,never share,<none>,,true,+,never share,<none>,0,,,,,,,,,
WIDMFCA1804096800,AllProject,帝门2018店招物料代垫,false,never share,false,,<none>,<none>,,,unspecified,none,,,,false,true,047f09ac-1c8a-4136-a715-50194bbd3d72,true,+,never share,<none>,,true,+,never share,<none>,0,,,,,,,,,
WIKBCOT1803093400,AllProject,金佰利2018年3月珠海共享PG管理,false,never share,false,,<none>,<none>,,,unspecified,none,,,,false,true,a86cbb90-11f0-49e9-9656-f74195488319,true,+,never share,<none>,,true,+,never share,<none>,0,,,,,,,,,
PLACHSP1805084100,AllProject,2018 安佳5月,false,never share,false,,<none>,<none>,,,unspecified,none,,,,false,true,9f6d3f93-9c34-4a8b-8112-953169fbd9e2,true,+,never share,<none>,,true,+,never share,<none>,0,,,,,,,,,
WIKBCOT1805093200,AllProject,金佰利2018年5-7月广西共享PG管理,false,never share,false,,<none>,<none>,,,unspecified,none,,,,false,true,230b52f2-f729-47f2-8c2d-e044f77b4cfc,true,+,never share,<none>,,true,+,never share,<none>,0,,,,,,,,,
WIKBCSP1805093100,AllProject,金佰利2018年5-6月短促项目,false,never share,false,,<none>,<none>,,,unspecified,none,,,,false,true,0d6eac55-923b-4238-9ab0-7565a4f67ddd,true,+,never share,<none>,,true,+,never share,<none>,0,,,,,,,,,
MSMJHST1802037105,AllProject,美赞臣执行团队成本-05,false,never share,false,,<none>,<none>,,,unspecified,none,,,,false,true,dede4602-00c8-4db2-86f9-98250915e46d,true,+,never share,<none>,,true,+,never share,<none>,0,,,,,,,,,
MSWWHSP1805091100,AllProject,2018 箭牌P6弹立方全国主题活动-南区,false,never share,false,,<none>,<none>,,,unspecified,none,,,,false,true,d735f629-e95a-4fa7-8ecc-134f537124f9,true,+,never share,<none>,,true,+,never share,<none>,0,,,,,,,,,
MSMJHST1803040705,AllProject,美赞臣PNA-05,false,never share,false,,<none>,<none>,,,unspecified,none,,,,false,true,9ca75e03-437b-444b-a71c-ffbe7434fc2a,true,+,never share,<none>,,true,+,never share,<none>,0,,,,,,,,,
MSHJHSP1805095700,AllProject,2018年亨氏共享促销测试项目,false,never share,false,,<none>,<none>,,,unspecified,none,,,,false,true,84319c3e-d912-4d99-a75e-d7cc28172b2d,true,+,never share,<none>,,true,+,never share,<none>,0,,,,,,,,,
MSMHHST1801012805,AllProject,2018年MHD5月长促工资发放,false,never share,false,,<none>,<none>,,,unspecified,none,,,,false,true,447b78a6-f65a-4e25-baa5-7f4515d0a12c,true,+,never share,<none>,,true,+,never share,<none>,0,,,,,,,,,
MSMJHRS1805091000,AllProject,2018年美赞臣CS路演项目,false,never share,false,,<none>,<none>,,,unspecified,none,,,,false,true,976ba049-b8e5-44a9-8720-8f684e226d56,true,+,never share,<none>,,true,+,never share,<none>,0,,,,,,,,,
MSPGHCA1805084600,AllProject,宝洁母亲节KCP快速激励代垫,false,never share,false,,<none>,<none>,,,unspecified,none,,,,false,true,68cc30f6-09f7-4851-a11a-bab526114d29,true,+,never share,<none>,,true,+,never share,<none>,0,,,,,,,,,
MSPGHSP1805074300,AllProject,FY1718-AMJ-PCC category-AMJ 1718 Event 母亲节KCP,false,never share,false,,<none>,<none>,,,unspecified,none,,,,false,true,0a2a82c3-4091-496d-b2a1-38c3408d6632,true,+,never share,<none>,,true,+,never share,<none>,0,,,,,,,,,
MSPGHST1801002005,AllProject,ISA浮动服务费I-2018年5月,false,never share,false,,<none>,<none>,,,unspecified,none,,,,false,true,0e1fac74-378f-4f07-8601-fba5ade02188,true,+,never share,<none>,,true,+,never share,<none>,0,,,,,,,,,
MSPGHST1801002105,AllProject,ISA浮动服务费II-2018年5月,false,never share,false,,<none>,<none>,,,unspecified,none,,,,false,true,bc207101-ab13-44b6-b5c1-f098e2f0a6a1,true,+,never share,<none>,,true,+,never share,<none>,0,,,,,,,,,
WIUNLSP1805083100,AllProject,Y18 联合利华屈臣氏炫诗店内促销活动5月,false,never share,false,,<none>,<none>,,,unspecified,none,,,,false,true,8b9d9536-4c3e-4d87-9046-90b555c5fbc3,true,+,never share,<none>,,true,+,never share,<none>,0,,,,,,,,,
WIUNLSP1806083200,AllProject,Y18 联合利华屈臣氏炫诗店内促销活动6月,false,never share,false,,<none>,<none>,,,unspecified,none,,,,false,true,0b235f07-be0a-47af-aaee-88a77372f4fc,true,+,never share,<none>,,true,+,never share,<none>,0,,,,,,,,,
MSPGHST1801002205,AllProject,ISA激励奖金-2018年5月,false,never share,false,,<none>,<none>,,,unspecified,none,,,,false,true,f67b121c-0479-4a49-b387-fda9d249c37b,true,+,never share,<none>,,true,+,never share,<none>,0,,,,,,,,,
MSPGHST1801002405,AllProject,SellingDay激励-2018年5月,false,never share,false,,<none>,<none>,,,unspecified,none,,,,false,true,bf074fbd-41d9-4206-aea1-9c5738742d1f,true,+,never share,<none>,,true,+,never share,<none>,0,,,,,,,,,
WIABHST1801013605,AllProject,Y18雅培全安素山姆店内促销长促-5月,false,never share,false,,<none>,<none>,,,unspecified,none,,,,false,true,4d57acf0-dfe8-49c6-a556-f6ab4e234778,true,+,never share,<none>,,true,+,never share,<none>,0,,,,,,,,,
WIABHSS1801013705,AllProject,Y18雅培全安素山姆店内促销长促-5月短促,false,never share,false,,<none>,<none>,,,unspecified,none,,,,false,true,ae92e7b8-4850-4531-9441-8edaae0a04ac,true,+,never share,<none>,,true,+,never share,<none>,0,,,,,,,,,
MSPGHST1801002605,AllProject,SPOC浮动服务费I-2018年5月,false,never share,false,,<none>,<none>,,,unspecified,none,,,,false,true,3dbc0865-d548-44cf-ad48-18bd9e67b843,true,+,never share,<none>,,true,+,never share,<none>,0,,,,,,,,,
MSPGHST1801002705,AllProject,SPOC浮动服务费II-2018年5月,false,never share,false,,<none>,<none>,,,unspecified,none,,,,false,true,3a24ff44-5596-4c92-a869-7543e0878beb,true,+,never share,<none>,,true,+,never share,<none>,0,,,,,,,,,
MSPGHST1801002805,AllProject,SPOC额外服务费-2018年5月,false,never share,false,,<none>,<none>,,,unspecified,none,,,,false,true,4c3dda73-aecf-47c5-80c8-f6de8acd04bf,true,+,never share,<none>,,true,+,never share,<none>,0,,,,,,,,,
MSPGHST1801003005,AllProject,SPOC激励奖金-2018年5月,false,never share,false,,<none>,<none>,,,unspecified,none,,,,false,true,8941b8eb-68a3-4a60-b452-5d61da7b0e1a,true,+,never share,<none>,,true,+,never share,<none>,0,,,,,,,,,
WIPEHSP1805084500,AllProject,2018百事南区乐事5-6月免品项目,false,never share,false,,<none>,<none>,,,unspecified,none,,,,false,true,24b0a468-9143-4370-a4f0-d1704c7d023d,true,+,never share,<none>,,true,+,never share,<none>,0,,,,,,,,,
HVFLDST1801004505,AllProject,Y18菲丽嘟全国宜家促销员管理5月,false,never share,false,,<none>,<none>,,,unspecified,none,,,,false,true,42dcc7d5-f35c-4aad-869d-3af2b50b2fab,true,+,never share,<none>,,true,+,never share,<none>,0,,,,,,,,,
MSPGHSP1805085500,AllProject,SMKT AMJ CRVTesco Mother Day 妈超ISP,false,never share,false,,<none>,<none>,,,unspecified,none,,,,false,true,813f8128-110c-4e06-8ca5-d5b3b3e3d032,true,+,never share,<none>,,true,+,never share,<none>,0,,,,,,,,,
MSPGHSP1805085400,AllProject,SMKT AMJ CRVTesco Mother Day ISP,false,never share,false,,<none>,<none>,,,unspecified,none,,,,false,true,9248af76-0457-4e0a-8df4-4bdd62911aa6,true,+,never share,<none>,,true,+,never share,<none>,0,,,,,,,,,
WIYKHSP1804086000,AllProject,养乐多2018年店内试饮短促项目-5月,false,never share,false,,<none>,<none>,,,unspecified,none,,,,false,true,37a5758f-b68d-4068-8654-12f30b833668,true,+,never share,<none>,,true,+,never share,<none>,0,,,,,,,,,
PLBDHCA1804082500,AllProject,Y18百度糯米4月23日北京会销,false,never share,false,,<none>,<none>,,,unspecified,none,,,,false,true,fb9a7b77-52f8-4a26-b295-8176469276d9,true,+,never share,<none>,,true,+,never share,<none>,0,,,,,,,,,
MSPGHCA1805089000,AllProject,2018年5月-KCP母亲节活动,false,never share,false,,<none>,<none>,,,unspecified,none,,,,false,true,7bddcd03-47d8-4208-8971-6dcf61b05266,true,+,never share,<none>,,true,+,never share,<none>,0,,,,,,,,,
MSPGHSP1805088900,AllProject,FY1718 AMJ FHC Category AMJ category mini event New store,false,never share,false,,<none>,<none>,,,unspecified,none,,,,false,true,6dad9189-3185-491f-9490-a04b0cec0c14,true,+,never share,<none>,,true,+,never share,<none>,0,,,,,,,,,
MSPGHST1803088603,AllProject,3月永辉销量激励计-2018年3月(ISA和ISP联合活动）_3,false,never share,false,,<none>,<none>,,,unspecified,none,,,,false,true,74400d6e-b67e-4694-87ff-a9da3350029d,true,+,never share,<none>,,true,+,never share,<none>,0,,,,,,,,,
HVJJHOT1805091900,AllProject,4月-强生经销商服务管理项目,false,never share,false,,<none>,<none>,,,unspecified,none,,,,false,true,40722d39-2c83-4d06-bf45-35e226eefc18,true,+,never share,<none>,,true,+,never share,<none>,0,,,,,,,,,
MSMJHST1801005805,AllProject,美赞臣NCL-5,false,never share,false,,<none>,<none>,,,unspecified,none,,,,false,true,5d8313f1-b8fe-4db0-8ca0-dbf0bf73dd29,true,+,never share,<none>,,true,+,never share,<none>,0,,,,,,,,,
MSMJHST1801005905,AllProject,美赞臣NC-5,false,never share,false,,<none>,<none>,,,unspecified,none,,,,false,true,b0d80bea-3746-4eea-86a9-43e140f10149,true,+,never share,<none>,,true,+,never share,<none>,0,,,,,,,,,
MHBRHHR1801014405,AllProject,2018年红牛5月理货员人事管理,false,never share,false,,<none>,<none>,,,unspecified,none,,,,false,true,02e377a9-c1fa-4381-81c1-2efa3e0c4ce6,true,+,never share,<none>,,true,+,never share,<none>,0,,,,,,,,,
MHBRHSS1801014505,AllProject,2018年红牛5月短促,false,never share,false,,<none>,<none>,,,unspecified,none,,,,false,true,a2906724-4a7e-4869-aec2-75fe77f4a1a8,true,+,never share,<none>,,true,+,never share,<none>,0,,,,,,,,,
PLDAHHR1801014605,AllProject,达能销售代表2018年5月人事管理,false,never share,false,,<none>,<none>,,,unspecified,none,,,,false,true,03a73a2d-9ce5-48ad-b066-6e6702ead985,true,+,never share,<none>,,true,+,never share,<none>,0,,,,,,,,,
PLDAHST1801014705,AllProject,达能长促2018年5月店销活动管理,false,never share,false,,<none>,<none>,,,unspecified,none,,,,false,true,f5264beb-01cc-49a6-a23e-41e508f610ee,true,+,never share,<none>,,true,+,never share,<none>,0,,,,,,,,,
PLDAHSS1801014805,AllProject,达能长促2018年5月店销活动管理短促,false,never share,false,,<none>,<none>,,,unspecified,none,,,,false,true,375e5244-4026-46e3-931c-7854b29d4619,true,+,never share,<none>,,true,+,never share,<none>,0,,,,,,,,,
MSPGHSP1805090100,AllProject,FC AMJ YH,false,never share,false,,<none>,<none>,,,unspecified,none,,,,false,true,4d573799-7594-4daa-8fb9-7811a556244b,true,+,never share,<none>,,true,+,never share,<none>,0,,,,,,,,,
MSMJHST1802036905,AllProject,美赞臣NCM-05,false,never share,false,,<none>,<none>,,,unspecified,none,,,,false,true,8de183d2-c65e-4475-a7a5-196ef5b01d9d,true,+,never share,<none>,,true,+,never share,<none>,0,,,,,,,,,
MSMJHST1801008405,AllProject,美赞臣管理费-5,false,never share,false,,<none>,<none>,,,unspecified,none,,,,false,true,b1d9ba26-7dde-448f-b4ec-6c60dec8322a,true,+,never share,<none>,,true,+,never share,<none>,0,,,,,,,,,
WIKBCST1801008505,AllProject,金佰利2018年5月长促管理,false,never share,false,,<none>,<none>,,,unspecified,none,,,,false,true,90d3037c-e289-44de-8587-e7a5e1b0a62c,true,+,never share,<none>,,true,+,never share,<none>,0,,,,,,,,,
MSPGHCA1803092000,AllProject,3月永辉销量激励计-2018年3月(ISA和ISP联合活动(更新））,false,never share,false,,<none>,<none>,,,unspecified,none,,,,false,true,32f60413-7ac1-405f-abf1-69b438302bc5,true,+,never share,<none>,,true,+,never share,<none>,0,,,,,,,,,
MSPGHST1801002505,AllProject,SPOC基础服务费-2018年5月,false,never share,false,,<none>,<none>,,,unspecified,none,,,,false,true,a4b7add4-b4dc-4388-bc4f-35c9435903e7,true,+,never share,<none>,,true,+,never share,<none>,0,,,,,,,,,
MSPGHCA1804088800,AllProject,2018年4-6月 ISA 巅峰赛,false,never share,false,,<none>,<none>,,,unspecified,none,,,,false,true,759cef7e-b578-4464-94e5-5842f1663525,true,+,never share,<none>,,true,+,never share,<none>,0,,,,,,,,,
MSPGHST1801001905,AllProject,ISA基础服务费-2018年5月,false,never share,false,,<none>,<none>,,,unspecified,none,,,,false,true,e89f8fcf-a575-4afe-9a75-5705b55500da,true,+,never share,<none>,,true,+,never share,<none>,0,,,,,,,,,
MSCCHRS1804084400,AllProject,芬达漫展活动,false,never share,false,,<none>,<none>,,,unspecified,none,,,,false,true,e7e6250c-1457-4e24-809a-c5a39e044f0b,true,+,never share,<none>,,true,+,never share,<none>,0,,,,,,,,,
WIMKHSP1805087000,AllProject,康师傅方便面2018.5兰州试吃活动,false,never share,false,,<none>,<none>,,,unspecified,none,,,,false,true,40fc2c95-7f4c-4f8d-b230-fb6805f71d1f,true,+,never share,<none>,,true,+,never share,<none>,0,,,,,,,,,
MSHMXSP1805085200,AllProject,2018年盒马店内人员管理项目-5月,false,never share,false,,<none>,<none>,,,unspecified,none,,,,false,true,e665459a-054d-40b3-87c1-0b3ebac0b375,true,+,never share,<none>,,true,+,never share,<none>,0,,,,,,,,,
WIYMHSP1805084200,AllProject,Y18翡丽5月临促活动,false,never share,false,,<none>,<none>,,,unspecified,none,,,,false,true,6ab2184c-46e8-4577-928b-89ed03a80f5b,true,+,never share,<none>,,true,+,never share,<none>,0,,,,,,,,,
WIPEHSP1804085300,AllProject,2018年百事南区桂格5月免品试吃活动,false,never share,false,,<none>,<none>,,,unspecified,none,,,,false,true,3811409c-3a7a-4a34-b305-9b3ccec31dda,true,+,never share,<none>,,true,+,never share,<none>,0,,,,,,,,,
MSCCHRS1804072800,AllProject,可口可乐邻家系统18周年商品展示会,false,never share,false,,<none>,<none>,,,unspecified,none,,,,false,true,eb4c9640-4faf-45e2-a3c5-203d7ab21188,true,+,never share,<none>,,true,+,never share,<none>,0,,,,,,,,,
MSCCHRS1804072700,AllProject,可口可乐五一公园推广活动,false,never share,false,,<none>,<none>,,,unspecified,none,,,,false,true,5558b3b8-8c32-49ce-aea7-06230f5a0b04,true,+,never share,<none>,,true,+,never share,<none>,0,,,,,,,,,
WIGSKST1804072004,AllProject,Y18 GSK 共享促销员_4,false,never share,false,,<none>,<none>,,,unspecified,none,,,,false,true,612fedb4-0d9d-40d0-b84c-9c11c7b032a6,true,+,never share,<none>,,true,+,never share,<none>,0,,,,,,,,,
WIGSKST1804072005,AllProject,Y18 GSK 共享促销员_5,false,never share,false,,<none>,<none>,,,unspecified,none,,,,false,true,dec03d9f-92ed-4c57-8ee1-1ac5c4c2925a,true,+,never share,<none>,,true,+,never share,<none>,0,,,,,,,,,
WIGSKSP1804064200,AllProject,Y18 GSK 5月临促,false,never share,false,,<none>,<none>,,,unspecified,none,,,,false,true,e6447e92-760e-4fa2-9c8a-1b48590aca02,true,+,never share,<none>,,true,+,never share,<none>,0,,,,,,,,,
MSCCHRS1804068200,AllProject,可乐京客隆系统2018年新品展示会,false,never share,false,可乐京客隆系统2018年新品展示会,<none>,<none>,,,unspecified,none,,,,false,true,e7e4c45d-0470-465f-85a9-447de0ad41f9,true,+,never share,<none>,,true,+,never share,<none>,0,,,,,,,,,
WIGSKSP1804064100,AllProject,Y18 GSK Q2北区增加临促,false,never share,false,,<none>,<none>,,,unspecified,none,,,,false,true,9ea24d3d-d265-4a0f-960f-27542be26fe8,true,+,never share,<none>,,true,+,never share,<none>,0,,,,,,,,,
WIGSKSP1804072600,AllProject,Y18 GSK 共享促销员-4&5月,false,never share,false,,<none>,<none>,,,unspecified,none,,,,false,true,e9a86468-3416-4c75-afb2-ed0cb4efc683,true,+,never share,<none>,,true,+,never share,<none>,0,,,,,,,,,
WIUNLSP1805073500,AllProject,Y18 联合利华5月奥妙金纺活动,false,never share,false,,<none>,<none>,,,unspecified,none,,,,false,true,e5c11af4-5882-49f2-900a-49b3497673b0,true,+,never share,<none>,,true,+,never share,<none>,0,,,,,,,,,
WIUNLSP1804073200,AllProject,Y18 联合利华立顿4月樱花活动,false,never share,false,,<none>,<none>,,,unspecified,none,,,,false,true,4dc86442-7f22-404a-99a0-7c5bbad43ee8,true,+,never share,<none>,,true,+,never share,<none>,0,,,,,,,,,
MSPGHSP1804074600,AllProject,SMKT RKA MJ 18 KCP ISP,false,never share,false,,<none>,<none>,,,unspecified,none,,,,false,true,3a4580fd-f2f3-4b7f-94da-22b647eeb654,true,+,never share,<none>,,true,+,never share,<none>,0,,,,,,,,,
WIUNLSP1805074700,AllProject,Y18 联合利华家乐福店内促销活动,false,never share,false,,<none>,<none>,,,unspecified,none,,,,false,true,978769a4-dd6b-4334-ae54-74b5cde5f0be,true,+,never share,<none>,,true,+,never share,<none>,0,,,,,,,,,
WIUNLSP1804073300,AllProject,Y18 联合利华多芬植萃4-5月活动,false,never share,false,,<none>,<none>,,,unspecified,none,,,,false,true,51ea0571-679b-419b-91bb-6f0e7c5d276d,true,+,never share,<none>,,true,+,never share,<none>,0,,,,,,,,,
MSPGHSP1805074400,AllProject,FC AMJ Mother's day KCP,false,never share,false,,<none>,<none>,,,unspecified,none,,,,false,true,c6b55ec0-98bc-45e5-b446-aab60c2adf3b,true,+,never share,<none>,,true,+,never share,<none>,0,,,,,,,,,
WIUNLSP1804073600,AllProject,Y18 联合利华 5月新清扬活动,false,never share,false,,<none>,<none>,,,unspecified,none,,,,false,true,6a4eb8cf-d10b-49e4-ae1d-d52aebbcf894,true,+,never share,<none>,,true,+,never share,<none>,0,,,,,,,,,
WIUNLSP1804073400,AllProject,Y18 联合利华多芬母亲节4-5月活动,false,never share,false,,<none>,<none>,,,unspecified,none,,,,false,true,382b643f-0e69-49c4-8346-d05d09c45e20,true,+,never share,<none>,,true,+,never share,<none>,0,,,,,,,,,
MSMRHSP1804075000,AllProject,Y18玛氏淡季P5德芙小清新派样活动-南区,false,never share,false,,<none>,<none>,,,unspecified,none,,,,false,true,8c06944e-27a6-45cd-b478-eec47e1d9b6d,true,+,never share,<none>,,true,+,never share,<none>,0,,,,,,,,,
MSMRHSP1804075200,AllProject,Y18玛氏淡季P5德芙小清新派样活动-西区,false,never share,false,,<none>,<none>,,,unspecified,none,,,,false,true,1e10793b-ae47-47bc-affe-bf1b1a4d8589,true,+,never share,<none>,,true,+,never share,<none>,0,,,,,,,,,
MSMRHSP1804075300,AllProject,Y18玛氏淡季P5德芙小清新派样活动-东区,false,never share,false,,<none>,<none>,,,unspecified,none,,,,false,true,1484aa1d-48c9-4858-8584-24ecbbb6f31a,true,+,never share,<none>,,true,+,never share,<none>,0,,,,,,,,,
WILPHSP1804075400,AllProject,Y18欧莱雅5月SID活动-洗护,false,never share,false,,<none>,<none>,,,unspecified,none,,,,false,true,094e13ae-07e3-4b1f-8b02-8b8e4f70f363,true,+,never share,<none>,,true,+,never share,<none>,0,,,,,,,,,
WIPEHSP1805079900,AllProject,Y18 百事东区5月LKA大波浪试吃活动,false,never share,false,,<none>,<none>,,,unspecified,none,,,,false,true,cd75a03b-7cf1-4c01-b0a7-01d26ec2640c,true,+,never share,<none>,,true,+,never share,<none>,0,,,,,,,,,
WIPEHSP1805080000,AllProject,Y18 百事西区桂格5月试吃活动,false,never share,false,,<none>,<none>,,,unspecified,none,,,,false,true,b8e0e17a-9257-44a6-9a0b-90dbdcc8597a,true,+,never share,<none>,,true,+,never share,<none>,0,,,,,,,,,
MSPGHSP1805075500,AllProject,FY1718 LAU AMJ mini event 母亲节KCP,false,never share,false,,<none>,<none>,,,unspecified,none,,,,false,true,39249c21-85ca-443e-b58d-619ad0de2e08,true,+,never share,<none>,,true,+,never share,<none>,0,,,,,,,,,
HVHEHCA1804080300,AllProject,Y18好时Q2卖进费,false,never share,false,,<none>,<none>,,,unspecified,none,,,,false,true,1d44814d-137b-404c-93fe-0153caaa525c,true,+,never share,<none>,,true,+,never share,<none>,0,,,,,,,,,
WIUNLSP1805081400,AllProject,Y18联合利华力士小晶钻5月店内活动,false,never share,false,,<none>,<none>,,,unspecified,none,,,,false,true,30cf7b28-d0ff-4a27-9079-338f781644f0,true,+,never share,<none>,,true,+,never share,<none>,0,,,,,,,,,
WIUNLSP1805082800,AllProject,Y18联合利华清扬植觉5月店内促销,false,never share,false,,<none>,<none>,,,unspecified,none,,,,false,true,57efb148-989e-4147-a7ed-77c834f1ede5,true,+,never share,<none>,,true,+,never share,<none>,0,,,,,,,,,
WIJBDPR1804082700,AllProject,抢鲜一步，为你而来，京东花卉绿植供应链一体化解决方案推介会,false,never share,false,,<none>,<none>,,,unspecified,none,,,,false,true,fe9ad827-4052-4e8d-9932-36aef470106d,true,+,never share,<none>,,true,+,never share,<none>,0,,,,,,,,,
WIUNLSP1806081500,AllProject,Y18联合利华力士小晶钻6月店内活动,false,never share,false,,<none>,<none>,,,unspecified,none,,,,false,true,939c7a95-3872-49f5-a5c6-34e1a7149a8c,true,+,never share,<none>,,true,+,never share,<none>,0,,,,,,,,,
WIUNLSP1805081800,AllProject,Y18联合利华多芬植萃沃尔玛5月店内活动,false,never share,false,,<none>,<none>,,,unspecified,none,,,,false,true,e573b669-35d3-4d37-ad7d-e862bb5b1b10,true,+,never share,<none>,,true,+,never share,<none>,0,,,,,,,,,
WIUNLSP1806082200,AllProject,Y18联合利华多芬植萃沃尔玛6月店内活动,false,never share,false,,<none>,<none>,,,unspecified,none,,,,false,true,0314fbba-eae5-4122-b288-f30a7060578d,true,+,never share,<none>,,true,+,never share,<none>,0,,,,,,,,,
MSPGHSP1805075600,AllProject,SMKT AMJ YONGHUI 1811档洗护节,false,never share,false,SMKT AMJ YONGHUI 1811档洗护节,<none>,<none>,,,unspecified,none,,,,false,true,cc5706e4-68f1-4eb3-8b3a-90bb08217bba,true,+,never share,<none>,,true,+,never share,<none>,0,,,,,,,,,
PLBDHCA1804075700,AllProject,Y18百度糯米4月武汉会销,false,never share,false,Y18百度糯米4月武汉会销,<none>,<none>,,,unspecified,none,,,,false,true,73ac519c-b5ca-4b43-bc57-a18c5434cc4c,true,+,never share,<none>,,true,+,never share,<none>,0,,,,,,,,,
WILPHSP1804079600,AllProject,Y18欧莱雅5月SID活动-男士,false,never share,false,Y18欧莱雅5月SID活动-男士,<none>,<none>,,,unspecified,none,,,,false,true,746be5bd-fbfa-428e-8bb1-8d40d073bcd5,true,+,never share,<none>,,true,+,never share,<none>,0,,,,,,,,,
WILPHSP1804079700,AllProject,Y18欧莱雅5月SID活动-永辉洗护,false,never share,false,Y18欧莱雅5月SID活动-永辉洗护,<none>,<none>,,,unspecified,none,,,,false,true,acab0488-7357-4a9f-9aa1-487909db65c9,true,+,never share,<none>,,true,+,never share,<none>,0,,,,,,,,,
WIPEHSP1805079800,AllProject,Y18 百事东区5-6月MT大波浪试吃活动,false,never share,false,Y18 百事东区5-6月MT大波浪试吃活动,<none>,<none>,,,unspecified,none,,,,false,true,86aad78a-0bf1-4ec1-b0fc-fd11ebfe8cc9,true,+,never share,<none>,,true,+,never share,<none>,0,,,,,,,,,
MSPGHSP1805082400,AllProject,SMKT AMJ YONGHUI 妈妈是超人ISP,false,never share,false,SMKT AMJ YONGHUI 妈妈是超人ISP,<none>,<none>,,,unspecified,none,,,,false,true,8e40cedf-9143-4a0d-9852-fedeaebda687,true,+,never share,<none>,,true,+,never share,<none>,0,,,,,,,,,
MSWWHSP1804082600,AllProject,2018年P4弹立方派样客户定制活动,false,never share,false,2018年P4弹立方派样客户定制活动,<none>,<none>,,,unspecified,none,,,,false,true,a0e8fb1f-b3e3-4a48-9d95-7fbe5fb7a76c,true,+,never share,<none>,,true,+,never share,<none>,0,,,,,,,,,
MSMRHSP1804080100,AllProject,Y18玛氏淡季P4山姆店贴签活动,false,never share,false,Y18玛氏淡季P4山姆店贴签活动,<none>,<none>,,,unspecified,none,,,,false,true,59ce6045-01f4-4538-a362-c0a2d3864d90,true,+,never share,<none>,,true,+,never share,<none>,0,,,,,,,,,
MSPGHSP1805073100,AllProject,FY1718  OC AMJ Mother's day KCP Mini Event,false,never share,false,FY1718  OC AMJ Mother's day KCP Mini Event,<none>,<none>,,,unspecified,none,,,,false,true,c9e80503-c538-44f5-8428-652ba5a2fe2a,true,+,never share,<none>,,true,+,never share,<none>,0,,,,,,,,,
MSHMXSP1804074100,AllProject,2018年盒马店内长期人员管理-4月,false,never share,false,,<none>,<none>,,,unspecified,none,,,,false,true,40b7c102-11d8-4942-b075-381b4bd2a207,true,+,never share,<none>,,true,+,never share,<none>,0,,,,,,,,,
WIFIHSP1804072500,AllProject,2018美素佳儿焕新升级周末活动,false,never share,false,,<none>,<none>,,,unspecified,none,,,,false,true,75fe7563-cb5b-4e80-afc2-a54cfac0e682,true,+,never share,<none>,,true,+,never share,<none>,0,,,,,,,,,
WIFIHRS1805072400,AllProject,2018美素佳儿Q2季度100平米路演活动,false,never share,false,,<none>,<none>,,,unspecified,none,,,,false,true,491cce39-a825-4002-9a7a-58977955f998,true,+,never share,<none>,,true,+,never share,<none>,0,,,,,,,,,
MSPGHSP1804071400,AllProject,FY1718 AMJ Downy WK Mini Event,false,never share,false,,<none>,<none>,,,unspecified,none,,,,false,true,4b495d42-d3e7-4fa3-8771-07cce1e0a4c3,true,+,never share,<none>,,true,+,never share,<none>,0,,,,,,,,,
MSPGHSP1804067800,AllProject,FY1718 AMJ HC Category Mini Event New store,false,never share,false,,<none>,<none>,,,unspecified,none,,,,false,true,5cfbe780-dee1-413d-ba1d-f1f9b52bc0c8,true,+,never share,<none>,,true,+,never share,<none>,0,,,,,,,,,
WIUNLRS1804074000,AllProject,Y18 联合利华南区立顿樱花车线下活动,false,never share,false,,<none>,<none>,,,unspecified,none,,,,false,true,b4fa3769-4488-4a07-8abe-f9fbe2e18d0d,true,+,never share,<none>,,true,+,never share,<none>,0,,,,,,,,,
MSPGHSP1805073000,AllProject,SMKT AMJ Walmart Mother Day ISP,false,never share,false,,<none>,<none>,,,unspecified,none,,,,false,true,69ca4584-2c88-455a-b590-0f5f69636c21,true,+,never share,<none>,,true,+,never share,<none>,0,,,,,,,,,
PLBDHCA1804068500,AllProject,Y18百度糯米4月13日广州会销,false,never share,false,,<none>,<none>,,,unspecified,none,,,,false,true,ac76ec8e-71d0-4cc3-b0c6-3bf67a8e1792,true,+,never share,<none>,,true,+,never share,<none>,0,,,,,,,,,
PLBDHCA1804068400,AllProject,Y18百度糯米4月13日北京会销,false,never share,false,,<none>,<none>,,,unspecified,none,,,,false,true,a5eb2a90-4cd3-4606-9b45-983da58ed5ee,true,+,never share,<none>,,true,+,never share,<none>,0,,,,,,,,,
MSHJHSP1804064400,AllProject,2018年亨氏周末冲锋队活动,false,never share,false,,<none>,<none>,,,unspecified,none,,,,false,true,04a8db9e-e2fc-478e-a26d-e476e209f203,true,+,never share,<none>,,true,+,never share,<none>,0,,,,,,,,,
MSWWHSP1804072100,AllProject,2018箭牌P5绿箭薄荷糖主题活动,false,never share,false,,<none>,<none>,,,unspecified,none,,,,false,true,72ca4ad2-2c2f-41c2-8eae-61321a74c24e,true,+,never share,<none>,,true,+,never share,<none>,0,,,,,,,,,
MSPGHSP1804068100,AllProject,FY1718 AMJ OC category OC AMJ mini event New Store,false,never share,false,,<none>,<none>,,,unspecified,none,,,,false,true,983e70a5-f0d5-4b78-b84b-3f98c599e304,true,+,never share,<none>,,true,+,never share,<none>,0,,,,,,,,,
PLBDHCA1804067900,AllProject,Y18百度糯米4月深圳会销,false,never share,false,,<none>,<none>,,,unspecified,none,,,,false,true,5d389885-f24b-4343-ad29-6770adc3ac98,true,+,never share,<none>,,true,+,never share,<none>,0,,,,,,,,,
MSHMXST1804061904,AllProject,2018年盒马店内人员管理-长促_4,false,never share,false,,<none>,<none>,,,unspecified,none,,,,false,true,a9b18a7d-3436-4010-9ae2-071d860ff2af,true,+,never share,<none>,,true,+,never share,<none>,0,,,,,,,,,
MSPGHSP1805074200,AllProject,FY1718 HC Mother's Day KCP Mini Event,false,never share,false,,<none>,<none>,,,unspecified,none,,,,false,true,4f5cb2a1-6fd4-41f8-a1a5-0a26ac900fd6,true,+,never share,<none>,,true,+,never share,<none>,0,,,,,,,,,
MSCCHRS1804062300,AllProject,中粮可口可乐地球港新店开业定制机落地执行活动,false,never share,false,,<none>,<none>,,,unspecified,none,,,,false,true,501419d6-ab01-4e87-9e60-d08a2bc23de6,true,+,never share,<none>,,true,+,never share,<none>,0,,,,,,,,,
MSCCHRS1804062200,AllProject,中粮可口可乐全时系统赠饮活动,false,never share,false,,<none>,<none>,,,unspecified,none,,,,false,true,8011594a-f912-414c-a4bb-47219297b2f5,true,+,never share,<none>,,true,+,never share,<none>,0,,,,,,,,,
MSMHHSP1804070000,AllProject,MHD Chandon 2018 Q2 中促项目,false,never share,false,,<none>,<none>,,,unspecified,none,,,,false,true,41f2e100-3573-4f1b-a622-fc2d4b15db33,true,+,never share,<none>,,true,+,never share,<none>,0,,,,,,,,,
MSWWHSP1804071600,AllProject,2018箭牌P4益达NKA Heavy Up活动,false,never share,false,,<none>,<none>,,,unspecified,none,,,,false,true,e963f5b2-4b65-40d8-acb0-fdb12ca23dfb,true,+,never share,<none>,,true,+,never share,<none>,0,,,,,,,,,
MSWWHSP1805071500,AllProject,2018箭牌P5绿箭NKA Heavy Up活动,false,never share,false,,<none>,<none>,,,unspecified,none,,,,false,true,380dbf4f-e09d-40eb-b40a-5d4d5ba09606,true,+,never share,<none>,,true,+,never share,<none>,0,,,,,,,,,
PLBDHCA1804068000,AllProject,Y18百度糯米4月12日北京会销,false,never share,false,,<none>,<none>,,,unspecified,none,,,,false,true,efb659a1-2afd-40d2-bfe3-0f38e4935dbd,true,+,never share,<none>,,true,+,never share,<none>,0,,,,,,,,,
WIPEHSP1804069000,AllProject,Y18 百事东区4-5月桂格试吃活动（大燕麦、麦果脆试吃）,false,never share,false,,<none>,<none>,,,unspecified,none,,,,false,true,bc154eb7-d47e-4a72-9928-71aa5cda1430,true,+,never share,<none>,,true,+,never share,<none>,0,,,,,,,,,
MSPGHRS1805067700,AllProject,2018年宝洁FY1718 RTM 母亲节,false,never share,false,,<none>,<none>,,,unspecified,none,,,,false,true,d4ee7b24-954c-4da1-990c-c0dc88c3144c,true,+,never share,<none>,,true,+,never share,<none>,0,,,,,,,,,
WIPEHSP1805067600,AllProject,Y18 百事轻焙薯片新品上市试吃活动,false,never share,false,,<none>,<none>,,,unspecified,none,,,,false,true,8c9fef24-99bb-4f39-ad53-75a9e9572528,true,+,never share,<none>,,true,+,never share,<none>,0,,,,,,,,,
PLBWHCA1804064000,AllProject,百威视频制作,false,never share,false,,<none>,<none>,,,unspecified,none,,,,false,true,abe9ebe1-972a-4dc4-96aa-45f46dffc336,true,+,never share,<none>,,true,+,never share,<none>,0,,,,,,,,,
MSMHHSP1804066400,AllProject,MHD Chandon Happy Hour 4-6月餐饮短促项目,false,never share,false,,<none>,<none>,,,unspecified,none,,,,false,true,b191fe75-15f7-45f5-bc5d-e676cf1b2f83,true,+,never share,<none>,,true,+,never share,<none>,0,,,,,,,,,
MSPGHSP1804064300,AllProject,FY1718 AMJ Gill FY1718 AMJ Gill 穿越火线,false,never share,false,,<none>,<none>,,,unspecified,none,,,,false,true,51e2a302-5c6e-4abb-911e-05f01403e1f8,true,+,never share,<none>,,true,+,never share,<none>,0,,,,,,,,,
MSMJHCA1804063300,AllProject,美赞臣Q2代垫,false,never share,false,,<none>,<none>,,,unspecified,none,,,,false,true,a81a949b-b699-4e00-9236-4c395dfd73ed,true,+,never share,<none>,,true,+,never share,<none>,0,,,,,,,,,
MSALHST1801006105,AllProject,爱尔康长促-05,false,never share,false,,<none>,<none>,,,unspecified,none,,,,false,true,538f8960-7851-4565-9f80-0c23407ff15a,true,+,never share,<none>,,true,+,never share,<none>,0,,,,,,,,,
MSCCHRS1804062100,AllProject,可口可乐清明节档期公园售卖活动,false,never share,false,,<none>,<none>,,,unspecified,none,,,,false,true,0f087f37-97db-4e49-80aa-f4435e9f96ea,true,+,never share,<none>,,true,+,never share,<none>,0,,,,,,,,,
PLBWHRS1804064600,AllProject,百威学区赞助活动,false,never share,false,,<none>,<none>,,,unspecified,none,,,,false,true,429e4cc8-be16-4a5b-8cb0-15b711960cca,true,+,never share,<none>,,true,+,never share,<none>,0,,,,,,,,,
MSMHHSP1804068300,AllProject,MHD Hennessy & Meals Wedding Wave III 短促项目,false,never share,false,,<none>,<none>,,,unspecified,none,,,,false,true,6469eae6-4d55-4993-a0b6-00a0b3aea6a1,true,+,never share,<none>,,true,+,never share,<none>,0,,,,,,,,,
MSPGHSP1804061100,AllProject,FY1718 Fem AMJ RT Mini Koala event,false,never share,false,,<none>,<none>,,,unspecified,none,,,,false,true,997ec473-6732-402d-ba3e-5ed70d851b28,true,+,never share,<none>,,true,+,never share,<none>,0,,,,,,,,,
WIYMHSP1804060400,AllProject,Y18翡丽4月临促活动,false,never share,false,,<none>,<none>,,,unspecified,none,,,,false,true,d88c84a8-a5fb-4026-a192-21a5ba8f8f8e,true,+,never share,<none>,,true,+,never share,<none>,0,,,,,,,,,
WIUNLSP1807139500,AllProject,Y18联合利华华润苏果品牌日活动,false,never share,false,,<none>,<none>,,,unspecified,none,,,,false,true,a5da3867-5603-40e9-b6ac-451ada3a0280,true,+,never share,<none>,,true,+,never share,<none>,0,,,,,,,,,
WISBHMV1806135100,AllProject,Y18 speedo神秘访客,false,never share,false,,<none>,<none>,,,unspecified,none,,,,false,true,21d014f7-5c9c-48c7-885b-0852497da3a3,true,+,never share,<none>,,true,+,never share,<none>,0,,,,,,,,,
ProjectType,Projects,项目类型,false,never share,false,,<none>,<none>,,,unspecified,none,,,,false,true,8948879e-0a7b-4c1d-bac8-44dc506383e7,true,~,never share,<none>,,true,~,never share,<none>,0,,,,,,,,,
SS,ProjectType,长促拆分短促,false,never share,false,,<none>,<none>,,,unspecified,none,,,,false,true,0daa53b6-b58a-4e36-b908-75437b3e1415,true,+,never share,<none>,,true,+,never share,<none>,0,,,,,,,,,
ST,ProjectType,店内长促,false,never share,false,,<none>,<none>,,,unspecified,none,,,,false,true,a7a3ac02-6bcf-4ace-980d-17de8a9d9cdc,true,+,never share,<none>,,true,+,never share,<none>,0,,,,,,,,,
SP,ProjectType,店内短促（每店2人以内）,false,never share,false,,<none>,<none>,,,unspecified,none,,,,false,true,5ae080be-1ab4-44fc-a3c1-3c006550db48,true,+,never share,<none>,,true,+,never share,<none>,0,,,,,,,,,
SE,ProjectType,店内活动（每店3人以上，含3人）,false,never share,false,,<none>,<none>,,,unspecified,none,,,,false,true,54d8d087-a06a-4e72-945c-cc7ab9ec55e7,true,+,never share,<none>,,true,+,never share,<none>,0,,,,,,,,,
DS,ProjectType,派样,false,never share,false,,<none>,<none>,,,unspecified,none,,,,false,true,0b6d7f5f-2049-40ea-900b-d1002b3886f8,true,+,never share,<none>,,true,+,never share,<none>,0,,,,,,,,,
RS,ProjectType,路演,false,never share,false,,<none>,<none>,,,unspecified,none,,,,false,true,1e1371e4-2eda-438e-8763-81ab0f5aa94a,true,+,never share,<none>,,true,+,never share,<none>,0,,,,,,,,,
IP,ProjectType,内部推广,false,never share,false,,<none>,<none>,,,unspecified,none,,,,false,true,ff2bb933-cd67-431c-a3d8-b808ecc3d0e3,true,+,never share,<none>,,true,+,never share,<none>,0,,,,,,,,,
CP,ProjectType,校园推广,false,never share,false,,<none>,<none>,,,unspecified,none,,,,false,true,ebaf9c0f-989f-4d03-9417-ef18ef6577d7,true,+,never share,<none>,,true,+,never share,<none>,0,,,,,,,,,
XP,ProjectType,卖场推广,false,never share,false,,<none>,<none>,,,unspecified,none,,,,false,true,deac8f4e-8139-4204-a80b-f846f559a73b,true,+,never share,<none>,,true,+,never share,<none>,0,,,,,,,,,
PR,ProjectType,会务/会展,false,never share,false,,<none>,<none>,,,unspecified,none,,,,false,true,7d97aed2-865b-44d5-9727-e753c8aba5bb,true,+,never share,<none>,,true,+,never share,<none>,0,,,,,,,,,
MM,ProjectType,物料制作,false,never share,false,,<none>,<none>,,,unspecified,none,,,,false,true,2083e394-adff-4ebd-9565-2e684b6ba041,true,+,never share,<none>,,true,+,never share,<none>,0,,,,,,,,,
HR,ProjectType,人事挂靠,false,never share,false,,<none>,<none>,,,unspecified,none,,,,false,true,7cdd8618-da26-4478-886b-e646d9454439,true,+,never share,<none>,,true,+,never share,<none>,0,,,,,,,,,
CA,ProjectType,费用代垫,false,never share,false,,<none>,<none>,,,unspecified,none,,,,false,true,6b7d707f-3a74-4944-8887-3d0c143a517d,true,+,never share,<none>,,true,+,never share,<none>,0,,,,,,,,,
CD,ProjectType,创意设计,false,never share,false,,<none>,<none>,,,unspecified,none,,,,false,true,bcf89651-bf8a-4984-a4ec-9d913d6c29be,true,+,never share,<none>,,true,+,never share,<none>,0,,,,,,,,,
OT,ProjectType,其他,false,never share,false,,<none>,<none>,,,unspecified,none,,,,false,true,64c7e514-7fba-4209-9fb4-31e64826bdb6,true,+,never share,<none>,,true,+,never share,<none>,0,,,,,,,,,
DJ,ProjectType,搭建项目,false,never share,false,,<none>,<none>,,,unspecified,none,,,,false,true,38feae98-1a52-4e3a-8459-f2b18c8cedbf,true,+,never share,<none>,,true,+,never share,<none>,0,,,,,,,,,
ZD,ProjectType,制作项目及搭建,false,never share,false,,<none>,<none>,,,unspecified,none,,,,false,true,fa5fefeb-713a-4a0e-9a4b-38e3ea1088bb,true,+,never share,<none>,,true,+,never share,<none>,0,,,,,,,,,
ZL,ProjectType,租赁项目,false,never share,false,,<none>,<none>,,,unspecified,none,,,,false,true,4db7ae35-2c58-47f7-936b-cc4ec57a902f,true,+,never share,<none>,,true,+,never share,<none>,0,,,,,,,,,
